candidate_id,certified_rank,certified_objective,hours_used,hours_cap,hours_feasible,use_early,use_am_peak,use_midday,use_pm_peak,use_evening,use_owl,feasible_A_own,failing_periods_A_own,feasible_B_reference,failing_periods_B_reference,feasible_C_winner,failing_periods_C_winner,feasible_D_componentwise_min,failing_periods_D_componentwise_min,feasible_E_componentwise_median,failing_periods_E_componentwise_median,feasible_F_componentwise_max,failing_periods_F_componentwise_max
exp4|exp4-pool-v1|65lines#00a1a066ae8e,28,3520906.51691085,910.7606481481481,2517.1833333333334,True,87.4715023148148,58.24089814814814,29.11331481481481,58.24089814814814,43.44593518518518,29.087120370370368,True,,False,early,True,,True,,True,,True,
exp4|exp4-pool-v1|65lines#01053e1ee016,104,3539072.7309689224,925.2823148148149,2517.1833333333334,True,88.89739583333333,59.143222222222214,29.579810185185185,59.143222222222214,44.221759259259265,29.509106481481478,True,,False,early,False,early;am_peak;midday;pm_peak,False,early;am_peak;midday;pm_peak;evening;owl,False,early,True,
exp4|exp4-pool-v1|65lines#0252045320c1,29,3521156.255557195,922.9482407407407,2517.1833333333334,True,88.60143055555555,58.95320601851851,29.448624999999993,58.95320601851851,44.31051157407407,29.42243055555555,True,,False,early,False,early;evening,False,early;am_peak;midday;pm_peak;evening;owl,True,,True,
exp4|exp4-pool-v1|65lines#0270ac82da93,164,3556339.6479294095,926.3603703703704,2517.1833333333334,True,88.93445138888889,59.32738194444443,29.539453703703696,59.32738194444443,44.291238425925926,29.513259259259254,True,,False,early,False,early;am_peak;midday;pm_peak;evening,False,early;am_peak;midday;pm_peak;evening;owl,False,early;am_peak;pm_peak,True,
exp4|exp4-pool-v1|65lines#02a71a286c3f,76,3532034.946140994,930.7777777777777,2517.1833333333334,True,89.53277083333332,59.52783333333333,29.64114351851852,59.52783333333333,44.617045138888884,29.64114351851852,True,,False,early,False,early;am_peak;midday;pm_peak;evening;owl,False,early;am_peak;midday;pm_peak;evening;owl,False,early;am_peak;midday;pm_peak;evening;owl,True,
exp4|exp4-pool-v1|65lines#036179be5d4b,146,3553012.146829939,920.9973148148148,2517.1833333333334,True,88.40944444444445,58.93025925925925,29.424027777777773,58.71165277777777,44.008530092592586,29.47066666666666,True,,False,early,True,,False,early;am_peak;midday;pm_peak;evening;owl,True,,True,
exp4|exp4-pool-v1|65lines#03ddaa5089cf,35,3522738.588747124,920.2413194444446,2517.1833333333334,True,88.83558333333335,58.8038923611111,29.18146296296296,59.116655092592595,44.37794097222222,29.04069444444444,True,,False,early,False,early;pm_peak;evening,False,early;am_peak;midday;pm_peak;evening,False,early,True,
exp4|exp4-pool-v1|65lines#03fce0e3f398,6,3515967.7334132823,929.8156481481481,2517.1833333333334,True,89.27109259259258,59.49365277777776,29.700560185185186,59.38312499999999,44.67763310185185,29.533597222222223,True,,False,early,False,early;am_peak;midday;pm_peak;evening;owl,False,early;am_peak;midday;pm_peak;evening;owl,False,early;am_peak;midday;pm_peak;evening,True,
exp4|exp4-pool-v1|65lines#05da9d9254f2,87,3535436.7638493297,925.7443981481483,2517.1833333333334,True,88.97954629629629,59.11612268518518,29.60674999999999,59.09434722222222,44.253597222222226,29.560111111111105,True,,False,early,False,early;am_peak;midday;pm_peak;owl,False,early;am_peak;midday;pm_peak;evening;owl,False,early,True,
exp4|exp4-pool-v1|65lines#06a0b7538dda,67,3530623.7339775376,919.3045833333333,2517.1833333333334,True,88.26186111111112,58.81627083333333,29.355027777777778,58.70558333333333,43.98997569444444,29.336819444444448,True,,False,early,True,,False,early;am_peak;midday;pm_peak;evening;owl,True,,True,
exp4|exp4-pool-v1|65lines#0716b118f011,126,3544689.7834692206,938.04875,2517.1833333333334,True,90.0107662037037,59.681113425925915,30.01712962962963,59.87081018518518,44.968300925925924,30.01712962962963,True,,False,early,False,early;am_peak;midday;pm_peak;evening;owl,False,early;am_peak;midday;pm_peak;evening;owl,False,early;am_peak;midday;pm_peak;evening;owl,True,
exp4|exp4-pool-v1|65lines#07d8dadd9362,44,3524227.5940536903,925.5336111111111,2517.1833333333334,True,88.9338125,59.13800462962963,29.539453703703696,59.09115277777777,44.37306944444444,29.513259259259254,True,,False,early,False,early;am_peak;midday;pm_peak;evening,False,early;am_peak;midday;pm_peak;evening;owl,False,early,True,
exp4|exp4-pool-v1|65lines#081afff930ee,62,3528659.4833576,919.5855092592592,2517.1833333333334,True,88.2019652777778,58.81627083333333,29.40491435185185,58.70558333333333,44.01611689814814,29.343314814814814,True,,False,early,True,,False,early;am_peak;midday;pm_peak;evening;owl,True,,True,
exp4|exp4-pool-v1|65lines#087a57214d17,145,3552132.7818167927,920.7223148148148,2517.1833333333334,True,88.25978472222221,58.630567129629625,29.397513888888884,58.85811805555555,44.19875925925926,29.44415277777777,True,,False,early,True,,False,early;am_peak;midday;pm_peak;evening;owl,True,,True,
exp4|exp4-pool-v1|65lines#08ce303d15b9,32,3521700.176749518,917.8672222222223,2517.1833333333334,True,88.22603009259258,58.60708796296296,29.00555555555555,58.60708796296296,44.173043981481484,29.454534722222217,True,,False,early,True,,False,early;am_peak;pm_peak;evening;owl,True,,True,
exp4|exp4-pool-v1|65lines#08f377545e31,2,3511557.96418463,918.0173148148149,2517.1833333333334,True,88.32686805555555,58.56939351851851,29.21899768518518,58.56939351851851,44.13974189814815,29.296143518518512,True,,False,early,True,,False,early;am_peak;midday;pm_peak;evening;owl,True,,True,
exp4|exp4-pool-v1|65lines#09c5cc4dd6bb,173,3557804.766125843,913.9603703703704,2517.1833333333334,True,87.93001157407409,58.246914351851835,29.035902777777775,58.246914351851835,43.88463888888889,29.326490740740738,True,,False,early,True,,False,early;evening;owl,True,,True,
exp4|exp4-pool-v1|65lines#0aa85064fdd4,135,3548124.533957287,926.6438888888889,2517.1833333333334,True,88.99945833333332,59.19784722222222,29.606004629629627,59.19784722222222,44.48024305555556,29.482912037037035,True,,False,early,False,early;am_peak;midday;pm_peak;evening,False,early;am_peak;midday;pm_peak;evening;owl,False,early;evening,True,
exp4|exp4-pool-v1|65lines#0ac1e858735c,120,3542287.2425543894,924.0177777777778,2517.1833333333334,True,88.6598888888889,58.95432407407407,29.559791666666666,58.95432407407407,44.253597222222226,29.533597222222223,True,,False,early,False,early;midday;owl,False,early;am_peak;midday;pm_peak;evening;owl,True,,True,
exp4|exp4-pool-v1|65lines#0ad8275d4fe8,125,3544144.6475284905,923.9769444444444,2517.1833333333334,True,88.57449074074071,59.06575694444444,29.509106481481478,59.06575694444444,44.26946296296297,29.482912037037035,True,,False,early,False,early;am_peak;pm_peak,False,early;am_peak;midday;pm_peak;evening;owl,True,,True,
exp4|exp4-pool-v1|65lines#0b5cd76a4d95,119,3542240.814297736,933.6387962962963,2517.1833333333334,True,89.56492824074074,59.637775462962956,29.841115740740744,59.69474305555555,44.827106481481486,29.700347222222224,True,,False,early,False,early;am_peak;midday;pm_peak;evening;owl,False,early;am_peak;midday;pm_peak;evening;owl,False,early;am_peak;midday;pm_peak;evening;owl,True,
exp4|exp4-pool-v1|65lines#0bdd18b3f431,81,3534750.2970836987,923.1096064814816,2517.1833333333334,True,88.6488148148148,58.93342708333333,29.350715277777777,59.08140972222222,44.274414351851846,29.50532638888889,True,,False,early,False,early;pm_peak,False,early;am_peak;midday;pm_peak;evening;owl,True,,True,
exp4|exp4-pool-v1|65lines#0c061c5da55c,98,3537441.2429289646,921.8728703703704,2517.1833333333334,True,88.47365277777776,58.78613657407407,29.46188194444444,58.78613657407407,44.20522800925926,29.482912037037035,True,,False,early,True,,False,early;am_peak;midday;pm_peak;evening;owl,True,,True,
exp4|exp4-pool-v1|65lines#0daa376b8e9d,110,3540892.429254189,916.041712962963,2517.1833333333334,True,88.08664583333332,58.624763888888886,29.00555555555555,58.4478449074074,44.06166435185185,29.296143518518512,True,,False,early,True,,False,early;am_peak;pm_peak;evening;owl,True,,True,
exp4|exp4-pool-v1|65lines#0eb5719e8796,54,3526363.2142598988,912.7470370370371,2517.1833333333334,True,87.63346064814816,58.22071990740741,29.176671296296295,58.22071990740741,43.77624074074074,29.150476851851852,True,,False,early,True,,False,early;midday;evening,True,,True,
exp4|exp4-pool-v1|65lines#0f952255f5bd,56,3526558.0461361655,910.4874074074075,2517.1833333333334,True,87.43268981481482,57.99162499999999,29.176671296296295,57.99162499999999,43.781777777777776,29.009708333333332,True,,False,early,True,,False,midday;evening,True,,True,
exp4|exp4-pool-v1|65lines#10861b7f4f6b,128,3545252.7788831396,915.2174074074074,2517.1833333333334,True,87.8976412037037,58.579562499999994,29.00555555555555,58.579562499999994,43.85429166666667,29.296143518518512,True,,False,early,True,,False,early;am_peak;pm_peak;evening;owl,True,,True,
exp4|exp4-pool-v1|65lines#113872a5a967,10,3517566.4776370795,926.8154629629629,2517.1833333333334,True,89.04178472222222,59.321951388888884,29.59397222222222,59.03051157407406,44.46224768518519,29.547333333333334,True,,False,early,False,early;am_peak;midday;evening;owl,False,early;am_peak;midday;pm_peak;evening;owl,False,early;am_peak;evening,True,
exp4|exp4-pool-v1|65lines#11967e711b01,149,3553402.196117219,938.8157407407407,2517.1833333333334,True,90.1618101851852,59.930972222222216,29.991041666666664,59.930972222222216,44.959037037037035,29.991041666666664,True,,False,early,False,early;am_peak;midday;pm_peak;evening;owl,False,early;am_peak;midday;pm_peak;evening;owl,False,early;am_peak;midday;pm_peak;evening;owl,True,
exp4|exp4-pool-v1|65lines#11c2ecb78519,89,3536057.5924843373,938.1769444444444,2517.1833333333334,True,90.00134259259258,59.862025462962954,29.991041666666664,59.862025462962954,44.959037037037035,29.991041666666664,True,,False,early,False,early;am_peak;midday;pm_peak;evening;owl,False,early;am_peak;midday;pm_peak;evening;owl,False,early;am_peak;midday;pm_peak;evening;owl,True,
exp4|exp4-pool-v1|65lines#12165a4c04c6,25,3520776.10309261,916.6793518518517,2517.1833333333334,True,87.97893981481484,58.61778935185184,29.26414583333333,58.360317129629614,43.91107291666667,29.343314814814814,True,,False,early,True,,False,early;am_peak;midday;pm_peak;evening;owl,True,,True,
exp4|exp4-pool-v1|65lines#12ab99b5915e,12,3518302.5542372954,933.4566203703704,2517.1833333333334,True,89.56295833333334,59.71822222222222,29.847824074074072,59.683881944444444,44.74269328703703,29.68086111111111,True,,False,early,False,early;am_peak;midday;pm_peak;evening;owl,False,early;am_peak;midday;pm_peak;evening;owl,False,early;am_peak;midday;pm_peak;evening;owl,True,
exp4|exp4-pool-v1|65lines#12f767e55302,37,3523180.8867645906,926.9260185185185,2517.1833333333334,True,88.73240277777778,59.25981944444444,29.606004629629627,59.103504629629626,44.50800810185186,29.623680555555556,True,,False,early,False,early;am_peak;midday;pm_peak;evening;owl,False,early;am_peak;midday;pm_peak;evening;owl,False,am_peak;evening;owl,True,
exp4|exp4-pool-v1|65lines#134866497ed7,132,3546493.2174105896,918.2587037037038,2517.1833333333334,True,88.32926388888887,58.630567129629625,29.00555555555555,58.630567129629625,44.19875925925926,29.454534722222217,True,,False,early,True,,False,early;am_peak;pm_peak;evening;owl,True,,True,
exp4|exp4-pool-v1|65lines#13a0dd5dbfc2,101,3538302.378600798,939.1521759259259,2517.1833333333334,True,90.02168055555556,59.975587962962955,30.01712962962963,59.89503472222222,45.04105439814814,30.01712962962963,True,,False,early,False,early;am_peak;midday;pm_peak;evening;owl,False,early;am_peak;midday;pm_peak;evening;owl,False,early;am_peak;midday;pm_peak;evening;owl,True,
exp4|exp4-pool-v1|65lines#13b8d9ecee0a,181,3558749.892137744,919.8903703703704,2517.1833333333334,True,88.2898125,58.87552777777777,29.035902777777775,58.87552777777777,44.22910648148148,29.484881944444442,True,,False,early,True,,False,early;am_peak;pm_peak;evening;owl,True,,True,
exp4|exp4-pool-v1|65lines#16e8b03c4a01,163,3556271.8102817866,927.460462962963,2517.1833333333334,True,88.81146527777778,59.229472222222206,29.64114351851852,59.229472222222206,44.47151157407408,29.64114351851852,True,,False,early,False,early;am_peak;midday;pm_peak;evening;owl,False,early;am_peak;midday;pm_peak;evening;owl,False,am_peak;midday;pm_peak;evening;owl,True,
exp4|exp4-pool-v1|65lines#17ba3dab9fb8,41,3524070.1604174804,919.4614814814815,2517.1833333333334,True,88.6690462962963,59.02896759259259,29.18146296296296,58.91258333333333,44.221253472222216,29.04069444444444,True,,False,early,False,early,False,early;am_peak;midday;pm_peak;evening,True,,True,
exp4|exp4-pool-v1|65lines#1d0aabc5049c,182,3558977.9487632075,910.1486111111112,2517.1833333333334,True,87.51100694444445,58.20533333333332,29.035902777777775,58.20533333333332,43.535805555555555,29.009708333333332,True,,False,early,True,,False,early,True,,True,
exp4|exp4-pool-v1|65lines#1e4ab698f22a,192,3562567.3671676307,921.4930092592592,2517.1833333333334,True,88.57954861111112,59.01432638888888,29.425837962962962,58.71165277777777,44.06746759259259,29.425837962962962,True,,False,early,False,early,False,early;am_peak;midday;pm_peak;evening;owl,True,,True,
exp4|exp4-pool-v1|65lines#1f2a136ff4a1,166,3556595.082994553,923.7144444444446,2517.1833333333334,True,88.6267199074074,58.91710879629628,29.539453703703696,58.91710879629628,44.29981018518519,29.513259259259254,True,,False,early,False,early;midday;evening,False,early;am_peak;midday;pm_peak;evening;owl,True,,True,
exp4|exp4-pool-v1|65lines#202bcbd30b0b,137,3548381.111676563,913.9455555555555,2517.1833333333334,True,87.86399305555555,58.579562499999994,29.00555555555555,58.579562499999994,43.50545833333333,29.296143518518512,True,,False,early,True,,False,early;am_peak;pm_peak;owl,True,,True,
exp4|exp4-pool-v1|65lines#208b85f8a5e6,140,3549853.15949673,930.6762962962964,2517.1833333333334,True,89.34909027777778,59.57420601851851,29.64114351851852,59.50115972222221,44.664935185185186,29.64114351851852,True,,False,early,False,early;am_peak;midday;pm_peak;evening;owl,False,early;am_peak;midday;pm_peak;evening;owl,False,early;am_peak;midday;pm_peak;evening;owl,True,
exp4|exp4-pool-v1|65lines#21fa771c4311,4,3515010.545682507,930.3288888888889,2517.1833333333334,True,89.42240277777778,59.4938125,29.707055555555552,59.31066435185185,44.57312152777777,29.68086111111111,True,,False,early,False,early;am_peak;midday;pm_peak;evening;owl,False,early;am_peak;midday;pm_peak;evening;owl,False,early;am_peak;midday;pm_peak;evening;owl,True,
exp4|exp4-pool-v1|65lines#229cb1654b51,100,3538293.1172838197,917.967037037037,2517.1833333333334,True,88.33820833333333,58.51263888888889,29.176671296296295,58.75712037037036,44.03935648148148,29.326490740740738,True,,False,early,True,,False,early;am_peak;midday;pm_peak;evening;owl,True,,True,
exp4|exp4-pool-v1|65lines#236aa4945a39,191,3561804.426877061,912.5468981481481,2517.1833333333334,True,87.97638425925925,58.438847222222215,28.84136111111111,58.337530092592594,43.793490740740744,29.154150462962956,True,,False,early,True,,False,early;am_peak;pm_peak;evening,True,,True,
exp4|exp4-pool-v1|65lines#24e142fc0287,5,3515759.623238675,930.481388888889,2517.1833333333334,True,89.31379166666666,59.34255555555555,29.75289583333333,59.35682407407406,44.573281249999994,29.75289583333333,True,,False,early,False,early;am_peak;midday;pm_peak;evening;owl,False,early;am_peak;midday;pm_peak;evening;owl,False,early;am_peak;midday;pm_peak;evening;owl,True,
exp4|exp4-pool-v1|65lines#25f7cef7f2e9,51,3525501.969256101,915.6786574074074,2517.1833333333334,True,87.84275000000001,58.28327777777778,29.241305555555552,58.553261574074064,43.970862268518516,29.25067592592593,True,,False,early,True,,False,early;midday;pm_peak;evening;owl,True,,True,
exp4|exp4-pool-v1|65lines#260d2e19636c,188,3559923.102051383,920.0647222222221,2517.1833333333334,True,88.39006481481482,58.87552777777777,29.035902777777775,58.87552777777777,44.22910648148148,29.484881944444442,True,,False,early,True,,False,early;am_peak;pm_peak;evening;owl,True,,True,
exp4|exp4-pool-v1|65lines#2647272a8b91,124,3543841.007804035,914.1536111111111,2517.1833333333334,True,87.97292361111111,58.40626388888888,29.00555555555555,58.40626388888888,43.77075694444445,29.296143518518512,True,,False,early,True,,False,early;am_peak;pm_peak;evening;owl,True,,True,
exp4|exp4-pool-v1|65lines#26e7a4efc7d8,48,3524908.6380053377,913.7593055555556,2517.1833333333334,True,87.69053472222221,58.24047222222223,29.21047916666666,58.214437499999995,43.8617986111111,29.227888888888888,True,,False,early,True,,False,early;midday;evening;owl,True,,True,
exp4|exp4-pool-v1|65lines#26ea778a42d5,74,3531483.7204951853,933.49,2517.1833333333334,True,89.51812962962963,59.49141666666666,29.841115740740744,59.577666666666666,44.79415046296296,29.841115740740744,True,,False,early,False,early;am_peak;midday;pm_peak;evening;owl,False,early;am_peak;midday;pm_peak;evening;owl,False,early;am_peak;midday;pm_peak;evening;owl,True,
exp4|exp4-pool-v1|65lines#27e98a3c03dd,40,3523966.976301446,930.8498148148149,2517.1833333333334,True,89.52340046296295,59.50749537037037,29.700560185185186,59.641129629629624,44.64491666666667,29.533597222222223,True,,False,early,False,early;am_peak;midday;pm_peak;evening;owl,False,early;am_peak;midday;pm_peak;evening;owl,False,early;am_peak;midday;pm_peak;evening,True,
exp4|exp4-pool-v1|65lines#29c0b77eb870,90,3536324.751645186,925.4006018518519,2517.1833333333334,True,88.85853009259257,59.11612268518518,29.59397222222222,59.09434722222222,44.253597222222226,29.547333333333334,True,,False,early,False,early;am_peak;midday;pm_peak;owl,False,early;am_peak;midday;pm_peak;evening;owl,False,early,True,
exp4|exp4-pool-v1|65lines#2c175dbf6a53,69,3530948.8544081287,923.4151851851852,2517.1833333333334,True,88.7535925925926,58.90033796296296,29.559791666666666,58.90033796296296,44.11447916666667,29.533597222222223,True,,False,early,False,early;midday;owl,False,early;am_peak;midday;pm_peak;evening;owl,True,,True,
exp4|exp4-pool-v1|65lines#2d37c860663b,131,3546467.6207881263,914.6721296296297,2517.1833333333334,True,87.89748148148148,58.47510416666666,29.00555555555555,58.47510416666666,43.85429166666667,29.296143518518512,True,,False,early,True,,False,early;am_peak;pm_peak;evening;owl,True,,True,
exp4|exp4-pool-v1|65lines#2e7ca680b95a,114,3541556.0440852833,922.1193518518518,2517.1833333333334,True,88.3041875,58.799819444444445,29.509106481481478,58.799819444444445,44.26946296296297,29.482912037037035,True,,False,early,True,,False,early;am_peak;midday;pm_peak;evening;owl,True,,True,
exp4|exp4-pool-v1|65lines#2e7cebf918f4,46,3524635.725701562,928.5084259259258,2517.1833333333334,True,89.13208101851853,59.23043055555555,29.680222222222216,59.09115277777777,44.584222222222216,29.689592592592593,True,,False,early,False,early;am_peak;midday;pm_peak;evening;owl,False,early;am_peak;midday;pm_peak;evening;owl,False,early;am_peak;midday;evening;owl,True,
exp4|exp4-pool-v1|65lines#2e91e1000126,85,3535165.607082845,916.3272685185186,2517.1833333333334,True,88.08265277777778,58.62093055555555,29.00555555555555,58.56380324074074,44.06166435185185,29.296143518518512,True,,False,early,True,,False,early;am_peak;pm_peak;evening;owl,True,,True,
exp4|exp4-pool-v1|65lines#2faa7024f923,129,3545370.53299082,913.1267592592592,2517.1833333333334,True,87.7472361111111,58.579562499999994,29.00555555555555,58.579562499999994,43.803606481481474,28.979361111111107,True,,False,early,True,,False,early;am_peak;pm_peak;evening,True,,True,
exp4|exp4-pool-v1|65lines#32217e8b5098,11,3517869.507531207,922.9935185185186,2517.1833333333334,True,88.56980555555555,58.97242592592591,29.448624999999993,58.97242592592591,44.31051157407407,29.42243055555555,True,,False,early,False,early;evening,False,early;am_peak;midday;pm_peak;evening;owl,True,,True,
exp4|exp4-pool-v1|65lines#3302f2af66ee,9,3517291.8894720855,929.0741203703703,2517.1833333333334,True,89.17664351851853,59.40777546296295,29.707055555555552,59.079546296296286,44.57312152777777,29.68086111111111,True,,False,early,False,early;am_peak;midday;pm_peak;evening;owl,False,early;am_peak;midday;pm_peak;evening;owl,False,early;am_peak;midday;evening;owl,True,
exp4|exp4-pool-v1|65lines#34a619e99f21,77,3532601.425937237,934.4952777777779,2517.1833333333334,True,89.61486805555558,59.75437268518518,29.87955555555555,59.75437268518518,44.617045138888884,29.86134722222222,True,,False,early,False,early;am_peak;midday;pm_peak;evening;owl,False,early;am_peak;midday;pm_peak;evening;owl,False,early;am_peak;midday;pm_peak;evening;owl,True,
exp4|exp4-pool-v1|65lines#34a94a029519,157,3555795.5608634674,928.3990740740742,2517.1833333333334,True,89.17030787037038,59.442062499999984,29.539453703703696,59.442062499999984,44.58741666666667,29.513259259259254,True,,False,early,False,early;am_peak;midday;pm_peak;evening,False,early;am_peak;midday;pm_peak;evening;owl,False,early;am_peak;pm_peak;evening,True,
exp4|exp4-pool-v1|65lines#350c7cf4e725,150,3554415.5565495663,925.7203703703703,2517.1833333333334,True,88.83515740740744,58.89533333333332,29.64114351851852,58.89533333333332,44.46059722222222,29.64114351851852,True,,False,early,False,early;midday;evening;owl,False,early;am_peak;midday;pm_peak;evening;owl,False,early;midday;evening;owl,True,
exp4|exp4-pool-v1|65lines#35bdcdf10790,52,3526284.7645618827,912.8766898148149,2517.1833333333334,True,87.86606944444445,58.523260416666666,29.035902777777775,58.26847685185184,43.856793981481474,29.009708333333332,True,,False,early,True,,False,early;am_peak;evening,True,,True,
exp4|exp4-pool-v1|65lines#35e351133d6f,154,3555289.8561582733,927.9996296296296,2517.1833333333334,True,89.02096759259258,59.33520833333333,29.653814814814808,59.138004629629634,44.47305555555555,29.653814814814808,True,,False,early,False,early;am_peak;midday;pm_peak;evening;owl,False,early;am_peak;midday;pm_peak;evening;owl,False,early;am_peak;midday;evening;owl,True,
exp4|exp4-pool-v1|65lines#378d65f429e7,180,3558571.4054483217,933.7786111111111,2517.1833333333334,True,89.60624305555557,59.50930555555556,29.875402777777772,59.50930555555556,44.7680625,29.875402777777772,True,,False,early,False,early;am_peak;midday;pm_peak;evening;owl,False,early;am_peak;midday;pm_peak;evening;owl,False,early;am_peak;midday;pm_peak;evening;owl,True,
exp4|exp4-pool-v1|65lines#38518f45ddd8,115,3541582.676801855,926.5750925925926,2517.1833333333334,True,88.94328935185185,59.143222222222214,29.606004629629627,59.26354629629629,44.48024305555556,29.482912037037035,True,,False,early,False,early;am_peak;midday;pm_peak;evening,False,early;am_peak;midday;pm_peak;evening;owl,False,early;pm_peak;evening,True,
exp4|exp4-pool-v1|65lines#39e73d78adc3,60,3528223.7656235066,925.8486574074074,2517.1833333333334,True,88.87402314814814,59.244219907407405,29.39490509259259,59.16217592592593,44.385607638888885,29.64114351851852,True,,False,early,False,early;am_peak;pm_peak;evening;owl,False,early;am_peak;midday;pm_peak;evening;owl,False,early;am_peak;owl,True,
exp4|exp4-pool-v1|65lines#3ad6fb7cee39,33,3521857.0498714335,926.8150925925927,2517.1833333333334,True,88.87333101851851,59.071027777777765,29.700560185185186,59.2439537037037,44.435201388888885,29.533597222222223,True,,False,early,False,early;am_peak;midday;pm_peak;evening;owl,False,early;am_peak;midday;pm_peak;evening;owl,False,early;midday;pm_peak;evening,True,
exp4|exp4-pool-v1|65lines#3b8f442dc97b,199,3572954.6377097494,924.4307407407407,2517.1833333333334,True,88.6742638888889,59.05649305555555,29.548238425925923,59.01560416666666,44.29038657407406,29.513259259259254,True,,False,early,False,early;am_peak;midday;evening,False,early;am_peak;midday;pm_peak;evening;owl,True,,True,
exp4|exp4-pool-v1|65lines#3c1fab53ae34,139,3549557.30358364,915.9667129629631,2517.1833333333334,True,88.09266203703704,58.43884722222222,29.176671296296295,58.61768287037036,43.74695833333333,29.326490740740738,True,,False,early,True,,False,early;am_peak;midday;pm_peak;evening;owl,True,,True,
exp4|exp4-pool-v1|65lines#3d18a585b4f3,118,3541858.2852457305,923.2896296296296,2517.1833333333334,True,88.75359259259261,58.95432407407407,29.502291666666665,58.95432407407407,44.13061111111111,29.502291666666665,True,,False,early,False,early,False,early;am_peak;midday;pm_peak;evening;owl,True,,True,
exp4|exp4-pool-v1|65lines#3d7c9f161672,21,3519637.4645075607,932.3523611111111,2517.1833333333334,True,89.57413888888888,59.71822222222222,29.836430555555552,59.33398379629629,44.70425347222222,29.6774537037037,True,,False,early,False,early;am_peak;midday;pm_peak;evening;owl,False,early;am_peak;midday;pm_peak;evening;owl,False,early;am_peak;midday;pm_peak;evening;owl,True,
exp4|exp4-pool-v1|65lines#403bb3e801a5,168,3556730.28844147,926.9594444444444,2517.1833333333334,True,89.01527083333333,59.22058101851851,29.539453703703696,59.22058101851851,44.583263888888894,29.513259259259254,True,,False,early,False,early;am_peak;midday;pm_peak;evening,False,early;am_peak;midday;pm_peak;evening;owl,False,early;am_peak;pm_peak;evening,True,
exp4|exp4-pool-v1|65lines#41a1f3d6358e,171,3557437.7620782824,913.6739351851852,2517.1833333333334,True,87.91217592592595,58.54655324074073,29.035902777777775,58.31447685185184,43.535805555555555,29.326490740740738,True,,False,early,True,,False,early;am_peak;owl,True,,True,
exp4|exp4-pool-v1|65lines#43b8e5a335f9,34,3521896.6164716645,913.2496759259259,2517.1833333333334,True,87.71704861111111,58.234722222222224,29.197701388888888,58.0879375,43.78619675925927,29.25067592592593,True,,False,early,True,,False,early;midday;evening;owl,True,,True,
exp4|exp4-pool-v1|65lines#446bd2371357,61,3528401.1111612692,926.0150925925926,2517.1833333333334,True,88.86167129629631,59.23857638888888,29.39490509259259,59.23985416666667,44.385607638888885,29.64114351851852,True,,False,early,False,early;am_peak;pm_peak;evening;owl,False,early;am_peak;midday;pm_peak;evening;owl,False,early;am_peak;pm_peak;owl,True,
exp4|exp4-pool-v1|65lines#4ab053a8f77f,26,3520796.314478053,925.1792592592592,2517.1833333333334,True,88.78393981481483,59.03051157407406,29.60674999999999,59.01784027777777,44.31051157407407,29.560111111111105,True,,False,early,False,early;midday;evening;owl,False,early;am_peak;midday;pm_peak;evening;owl,True,,True,
exp4|exp4-pool-v1|65lines#4bd65460f003,117,3541825.1648309347,922.2270833333332,2517.1833333333334,True,88.5615,58.8764861111111,29.464064814814815,58.82745138888889,44.11943055555555,29.5107037037037,True,,False,early,False,early,False,early;am_peak;midday;pm_peak;evening;owl,True,,True,
exp4|exp4-pool-v1|65lines#4c98a9adcbd9,30,3521651.0790224024,919.7213888888889,2517.1833333333334,True,88.12034722222224,58.85385879629629,29.435847222222222,58.64419675925925,43.96793402777777,29.40965277777778,True,,False,early,True,,False,early;am_peak;midday;pm_peak;evening;owl,True,,True,
exp4|exp4-pool-v1|65lines#4d8b29db06ed,185,3559388.8275483535,920.5268518518518,2517.1833333333334,True,88.28161342592593,58.5314861111111,29.42786111111111,58.91705555555554,44.14977777777778,29.421791666666664,True,,False,early,True,,False,early;am_peak;midday;pm_peak;evening;owl,True,,True,
exp4|exp4-pool-v1|65lines#513af2338267,127,3544945.5508960513,922.8549074074075,2517.1833333333334,True,88.48643055555554,58.986374999999995,29.40534027777777,58.986374999999995,44.26946296296297,29.480356481481476,True,,False,early,True,,False,early;am_peak;midday;pm_peak;evening;owl,True,,True,
exp4|exp4-pool-v1|65lines#51c9bc9f6cc1,64,3529479.603780871,918.605138888889,2517.1833333333334,True,88.27631597222224,58.64302546296296,29.249344907407405,58.830326388888885,44.1470625,29.223150462962963,True,,False,early,True,,False,early;am_peak;midday;pm_peak;evening;owl,True,,True,
exp4|exp4-pool-v1|65lines#52d9a64ac9f9,158,3555872.795049601,928.1093518518519,2517.1833333333334,True,89.13314583333334,59.229472222222206,29.64114351851852,59.229472222222206,44.497226851851856,29.64114351851852,True,,False,early,False,early;am_peak;midday;pm_peak;evening;owl,False,early;am_peak;midday;pm_peak;evening;owl,False,early;am_peak;midday;pm_peak;evening;owl,True,
exp4|exp4-pool-v1|65lines#531bd9bff013,172,3557619.1592395026,923.5592592592593,2517.1833333333334,True,88.61607175925926,58.91710879629628,29.513259259259254,58.91710879629628,44.29981018518519,29.513259259259254,True,,False,early,False,early;evening,False,early;am_peak;midday;pm_peak;evening;owl,True,,True,
exp4|exp4-pool-v1|65lines#545eb38f4b57,24,3520400.762659103,929.2345833333334,2517.1833333333334,True,89.14097222222222,59.25369675925926,29.707055555555552,59.31891666666667,44.57312152777777,29.68086111111111,True,,False,early,False,early;am_peak;midday;pm_peak;evening;owl,False,early;am_peak;midday;pm_peak;evening;owl,False,early;am_peak;midday;pm_peak;evening;owl,True,
exp4|exp4-pool-v1|65lines#55a334008898,186,3559535.176527525,927.2102777777777,2517.1833333333334,True,89.15119444444446,59.22058101851851,29.539453703703696,59.22058101851851,44.58741666666667,29.513259259259254,True,,False,early,False,early;am_peak;midday;pm_peak;evening,False,early;am_peak;midday;pm_peak;evening;owl,False,early;am_peak;pm_peak;evening,True,
exp4|exp4-pool-v1|65lines#5667143ddd84,55,3526452.0736292903,914.3505555555557,2517.1833333333334,True,87.76187731481481,58.50225694444445,29.249238425925924,58.21571527777778,43.856793981481474,29.150476851851852,True,,False,early,True,,False,early;am_peak;midday;evening,True,,True,
exp4|exp4-pool-v1|65lines#5737f7af14a7,144,3551868.3721659225,935.5031481481482,2517.1833333333334,True,89.81649074074073,59.86921296296296,29.88530555555555,59.65816666666667,44.75608333333333,29.87955555555555,True,,False,early,False,early;am_peak;midday;pm_peak;evening;owl,False,early;am_peak;midday;pm_peak;evening;owl,False,early;am_peak;midday;pm_peak;evening;owl,True,
exp4|exp4-pool-v1|65lines#5743bdb17ada,133,3546994.441600903,924.4729166666666,2517.1833333333334,True,88.64327777777778,59.120701388888875,29.539453703703696,59.07486111111111,44.23858333333333,29.513259259259254,True,,False,early,False,early;am_peak;midday;pm_peak,False,early;am_peak;midday;pm_peak;evening;owl,True,,True,
exp4|exp4-pool-v1|65lines#57d91472dc28,70,3531072.9581492892,935.0010185185185,2517.1833333333334,True,89.84257870370372,59.685692129629615,29.87955555555555,59.54715972222222,44.82819791666666,29.87955555555555,True,,False,early,False,early;am_peak;midday;pm_peak;evening;owl,False,early;am_peak;midday;pm_peak;evening;owl,False,early;am_peak;midday;pm_peak;evening;owl,True,
exp4|exp4-pool-v1|65lines#5abe80d13635,113,3541542.144081049,913.2125,2517.1833333333334,True,87.85121527777777,58.33183333333333,29.176671296296295,58.1819074074074,43.74695833333333,29.150476851851852,True,,False,early,True,,False,early;am_peak;midday;evening,True,,True,
exp4|exp4-pool-v1|65lines#5f963d4bb30f,88,3535626.085020342,925.6484259259258,2517.1833333333334,True,88.99892592592593,58.99904629629629,29.58886111111111,58.97743055555555,44.40283101851852,29.57065277777778,True,,False,early,False,early;midday;evening;owl,False,early;am_peak;midday;pm_peak;evening;owl,False,early,True,
exp4|exp4-pool-v1|65lines#6235140c6df3,57,3526819.5466721836,934.9556481481482,2517.1833333333334,True,89.7601087962963,59.685692129629615,29.87955555555555,59.58474768518518,44.82819791666666,29.87955555555555,True,,False,early,False,early;am_peak;midday;pm_peak;evening;owl,False,early;am_peak;midday;pm_peak;evening;owl,False,early;am_peak;midday;pm_peak;evening;owl,True,
exp4|exp4-pool-v1|65lines#664850ae34f2,63,3529150.0225031767,932.0755092592593,2517.1833333333334,True,89.56370370370371,59.47480555555555,29.700347222222224,59.58474768518518,44.79415046296296,29.700347222222224,True,,False,early,False,early;am_peak;midday;pm_peak;evening;owl,False,early;am_peak;midday;pm_peak;evening;owl,False,early;am_peak;midday;pm_peak;evening;owl,True,
exp4|exp4-pool-v1|65lines#68fa9c2f67bd,190,3560943.063565131,923.78125,2517.1833333333334,True,88.55574999999999,59.08668055555555,29.548238425925923,59.04020138888889,44.16734722222222,29.482912037037035,True,,False,early,False,am_peak;midday;pm_peak,False,early;am_peak;midday;pm_peak;evening;owl,True,,True,
exp4|exp4-pool-v1|65lines#6a40fb5a9de7,176,3557979.345294234,937.6327777777778,2517.1833333333334,True,89.95459722222223,59.900625,29.991041666666664,59.900625,44.7680625,29.991041666666664,True,,False,early,False,early;am_peak;midday;pm_peak;evening;owl,False,early;am_peak;midday;pm_peak;evening;owl,False,early;am_peak;midday;pm_peak;evening;owl,True,
exp4|exp4-pool-v1|65lines#6addf085b829,58,3526850.979154984,920.6779629629629,2517.1833333333334,True,88.49436342592593,58.68087962962962,29.307749999999995,58.68087962962962,44.23914236111111,29.48376388888888,True,,False,early,True,,False,early;am_peak;midday;pm_peak;evening;owl,True,,True,
exp4|exp4-pool-v1|65lines#6c1e400f1379,23,3520345.174215813,914.9329166666666,2517.1833333333334,True,87.80111574074074,58.358400462962955,29.241305555555552,58.53979166666665,43.78438657407408,29.21511111111111,True,,False,early,True,,False,early;am_peak;midday;pm_peak;evening;owl,True,,True,
exp4|exp4-pool-v1|65lines#6dbfed52cb7f,53,3526286.83737182,919.1368055555556,2517.1833333333334,True,88.23247222222223,58.66091435185186,29.355027777777778,58.65021296296296,44.11447916666667,29.336819444444448,True,,False,early,True,,False,early;am_peak;midday;pm_peak;evening;owl,True,,True,
exp4|exp4-pool-v1|65lines#7272b2b37260,66,3530593.9107907843,920.1800462962963,2517.1833333333334,True,88.39810416666666,58.81302314814814,29.360777777777777,58.714368055555546,44.13345949074074,29.355027777777778,True,,False,early,True,,False,early;am_peak;midday;pm_peak;evening;owl,True,,True,
exp4|exp4-pool-v1|65lines#72a13b9cf627,22,3519691.6552823456,923.3361574074074,2517.1833333333334,True,88.55857175925927,58.94074768518518,29.40241203703704,59.026412037037026,44.27987152777778,29.547333333333334,True,,False,early,False,early;evening;owl,False,early;am_peak;midday;pm_peak;evening;owl,True,,True,
exp4|exp4-pool-v1|65lines#73b1c71b41fc,151,3554963.4247760726,927.6193518518519,2517.1833333333334,True,89.09848611111111,59.147108796296294,29.64114351851852,59.147108796296294,44.497226851851856,29.64114351851852,True,,False,early,False,early;am_peak;midday;pm_peak;evening;owl,False,early;am_peak;midday;pm_peak;evening;owl,False,early;midday;evening;owl,True,
exp4|exp4-pool-v1|65lines#74ebd8d603b8,130,3545819.584213311,929.2058796296297,2517.1833333333334,True,89.2129537037037,59.376629629629626,29.700347222222224,59.25593287037036,44.46475,29.700347222222224,True,,False,early,False,early;am_peak;midday;pm_peak;evening;owl,False,early;am_peak;midday;pm_peak;evening;owl,False,early;am_peak;midday;pm_peak;evening;owl,True,
exp4|exp4-pool-v1|65lines#7a7459722327,170,3556768.5210943776,924.170925925926,2517.1833333333334,True,88.90634027777779,58.91710879629628,29.539453703703696,58.91710879629628,44.291238425925926,29.513259259259254,True,,False,early,False,early;midday;evening,False,early;am_peak;midday;pm_peak;evening;owl,False,early,True,
exp4|exp4-pool-v1|65lines#7aee66b501d2,138,3548672.5145278904,927.8547222222221,2517.1833333333334,True,89.1472013888889,59.28393749999999,29.64114351851852,59.11686805555555,44.46059722222222,29.64114351851852,True,,False,early,False,early;am_peak;midday;pm_peak;evening;owl,False,early;am_peak;midday;pm_peak;evening;owl,False,early;am_peak;midday;evening;owl,True,
exp4|exp4-pool-v1|65lines#7b63053f84be,165,3556526.138053657,913.8506018518519,2517.1833333333334,True,87.80260648148148,58.59558796296296,29.035902777777775,58.574664351851844,43.88463888888889,29.009708333333332,True,,False,early,True,,False,early;am_peak;pm_peak;evening,True,,True,
exp4|exp4-pool-v1|65lines#7bf46b9b2e0a,94,3537166.8640556494,926.0533796296297,2517.1833333333334,True,89.17030787037038,59.15440277777777,29.539453703703696,59.13592824074073,44.358374999999995,29.513259259259254,True,,False,early,False,early;am_peak;midday;pm_peak;evening,False,early;am_peak;midday;pm_peak;evening;owl,False,early,True,
exp4|exp4-pool-v1|65lines#7c4bb6f4daa0,197,3569813.094803188,931.6126851851851,2517.1833333333334,True,89.65048611111112,59.649594907407405,29.680541666666667,59.1689375,44.559358796296294,29.87955555555555,True,,False,early,False,early;am_peak;midday;pm_peak;evening;owl,False,early;am_peak;midday;pm_peak;evening;owl,False,early;am_peak;midday;evening;owl,True,
exp4|exp4-pool-v1|65lines#7df991b36df1,16,3518829.6042736974,927.2554166666666,2517.1833333333334,True,89.11940972222223,59.301666666666655,29.700560185185186,59.03051157407406,44.425857638888886,29.533597222222223,True,,False,early,False,early;am_peak;midday;evening;owl,False,early;am_peak;midday;pm_peak;evening;owl,False,early;am_peak;midday;evening,True,
exp4|exp4-pool-v1|65lines#80a5c289e861,13,3518623.2771183895,929.7569444444446,2517.1833333333334,True,89.23952083333333,59.26690046296296,29.746773148148147,59.26690046296296,44.56281944444445,29.734687499999996,True,,False,early,False,early;am_peak;midday;pm_peak;evening;owl,False,early;am_peak;midday;pm_peak;evening;owl,False,early;am_peak;midday;pm_peak;evening;owl,True,
exp4|exp4-pool-v1|65lines#81d9a2f8c376,14,3518745.4973229477,923.2823148148148,2517.1833333333334,True,88.50740740740743,58.94314351851851,29.509106481481478,58.94314351851851,44.287218749999994,29.482912037037035,True,,False,early,False,evening,False,early;am_peak;midday;pm_peak;evening;owl,True,,True,
exp4|exp4-pool-v1|65lines#84edb6cc540a,112,3541407.013493171,926.8194444444445,2517.1833333333334,True,89.08938194444444,59.066768518518515,29.606004629629627,59.23383796296296,44.55706944444445,29.482912037037035,True,,False,early,False,early;am_peak;midday;pm_peak;evening,False,early;am_peak;midday;pm_peak;evening;owl,False,early;pm_peak;evening,True,
exp4|exp4-pool-v1|65lines#86a580516347,156,3555714.7582296473,928.5890740740741,2517.1833333333334,True,89.40898611111112,59.229472222222206,29.64114351851852,59.229472222222206,44.497226851851856,29.64114351851852,True,,False,early,False,early;am_peak;midday;pm_peak;evening;owl,False,early;am_peak;midday;pm_peak;evening;owl,False,early;am_peak;midday;pm_peak;evening;owl,True,
exp4|exp4-pool-v1|65lines#8965c4f852d3,195,3566495.7658477854,931.1694444444445,2517.1833333333334,True,89.38633217592593,59.57159722222222,29.73069444444444,59.554613425925915,44.54775231481481,29.686398148148143,True,,False,early,False,early;am_peak;midday;pm_peak;evening;owl,False,early;am_peak;midday;pm_peak;evening;owl,False,early;am_peak;midday;pm_peak;evening;owl,True,
exp4|exp4-pool-v1|65lines#89afcb1d01e0,86,3535431.354088397,925.2394907407407,2517.1833333333334,True,88.5600625,59.025400462962956,29.58886111111111,59.11106481481481,44.357390046296295,29.58886111111111,True,,False,early,False,early;midday;pm_peak;evening;owl,False,early;am_peak;midday;pm_peak;evening;owl,True,,True,
exp4|exp4-pool-v1|65lines#8c0b07ffccb1,122,3542490.506115995,928.8212962962964,2517.1833333333334,True,89.24905092592594,59.4917361111111,29.700347222222224,59.129060185185175,44.34495833333333,29.700347222222224,True,,False,early,False,early;am_peak;midday;pm_peak;evening;owl,False,early;am_peak;midday;pm_peak;evening;owl,False,early;am_peak;midday;owl,True,
exp4|exp4-pool-v1|65lines#8c311773cbae,179,3558449.9415374077,917.0513888888889,2517.1833333333334,True,88.16709259259258,58.657187499999985,29.035902777777775,58.657187499999985,44.03935648148148,29.326490740740738,True,,False,early,True,,False,early;am_peak;pm_peak;evening;owl,True,,True,
exp4|exp4-pool-v1|65lines#8cfbb9f72c54,187,3559585.5382667636,921.8694444444444,2517.1833333333334,True,88.48302314814815,58.87552777777777,29.44181018518518,58.87552777777777,44.22910648148148,29.393893518518514,True,,False,early,True,,False,early;am_peak;midday;pm_peak;evening;owl,True,,True,
exp4|exp4-pool-v1|65lines#8fb185fb9c9a,105,3540079.646895731,917.2390277777778,2517.1833333333334,True,88.07386805555556,58.56359027777777,29.241305555555552,58.50465277777777,43.91945833333333,29.391124999999995,True,,False,early,True,,False,early;am_peak;midday;pm_peak;evening;owl,True,,True,
exp4|exp4-pool-v1|65lines#8fd2f5289ecc,198,3572638.0042001065,937.6492592592593,2517.1833333333334,True,89.9728587962963,59.822041666666664,29.991041666666664,59.973351851851845,44.7680625,29.991041666666664,True,,False,early,False,early;am_peak;midday;pm_peak;evening;owl,False,early;am_peak;midday;pm_peak;evening;owl,False,early;am_peak;midday;pm_peak;evening;owl,True,
exp4|exp4-pool-v1|65lines#90da3ba5b732,175,3557974.2579127834,930.282962962963,2517.1833333333334,True,89.34877083333336,59.57420601851851,29.64114351851852,59.57420601851851,44.497226851851856,29.64114351851852,True,,False,early,False,early;am_peak;midday;pm_peak;evening;owl,False,early;am_peak;midday;pm_peak;evening;owl,False,early;am_peak;midday;pm_peak;evening;owl,True,
exp4|exp4-pool-v1|65lines#931442c18c27,123,3543799.120555865,915.608287037037,2517.1833333333334,True,88.14638194444444,58.32001388888889,29.00555555555555,58.53036805555555,44.07385648148148,29.296143518518512,True,,False,early,True,,False,early;am_peak;pm_peak;evening;owl,True,,True,
exp4|exp4-pool-v1|65lines#935195e7e6a8,196,3569059.414066893,924.1025925925926,2517.1833333333334,True,89.00329166666667,58.871694444444444,29.539453703703696,58.871694444444444,44.291238425925926,29.513259259259254,True,,False,early,False,early;midday;evening,False,early;am_peak;midday;pm_peak;evening;owl,False,early,True,
exp4|exp4-pool-v1|65lines#96485eb1a98e,200,3591198.383597282,915.1150462962963,2517.1833333333334,True,87.97324305555554,58.67821759259259,29.263134259259257,58.245104166666664,43.8521087962963,29.113101851851855,True,,False,early,True,,False,early;am_peak;midday;evening,True,,True,
exp4|exp4-pool-v1|65lines#98054c48fe48,8,3516886.3548730505,926.100462962963,2517.1833333333334,True,88.93620833333331,59.25247222222222,29.50112037037037,59.25247222222222,44.40370949074074,29.50112037037037,True,,False,early,False,early;am_peak;pm_peak;evening,False,early;am_peak;midday;pm_peak;evening;owl,False,early;am_peak;pm_peak,True,
exp4|exp4-pool-v1|65lines#98561192a965,189,3560021.4441423537,928.0001851851853,2517.1833333333334,True,88.98172916666667,59.25902083333333,29.64114351851852,59.25902083333333,44.497226851851856,29.64114351851852,True,,False,early,False,early;am_peak;midday;pm_peak;evening;owl,False,early;am_peak;midday;pm_peak;evening;owl,False,early;am_peak;midday;pm_peak;evening;owl,True,
exp4|exp4-pool-v1|65lines#995f117521b9,39,3523751.54951432,912.8653472222221,2517.1833333333334,True,87.57297916666666,58.38350347222221,29.21047916666666,58.158907407407405,43.80909027777777,29.087120370370368,True,,False,early,True,,False,early;am_peak;midday;evening,True,,True,
exp4|exp4-pool-v1|65lines#99c5d391c164,71,3531144.8138507344,939.6504166666667,2517.1833333333334,True,90.06757407407407,60.095965277777765,29.991041666666664,59.97793055555555,45.08716087962963,29.991041666666664,True,,False,early,False,early;am_peak;midday;pm_peak;evening;owl,False,early;am_peak;midday;pm_peak;evening;owl,False,early;am_peak;midday;pm_peak;evening;owl,True,
exp4|exp4-pool-v1|65lines#9a48db1b4458,152,3554972.1665011737,933.4379166666668,2517.1833333333334,True,89.67055787037039,59.41411111111111,29.836430555555552,59.60146527777777,44.75714814814815,29.836430555555552,True,,False,early,False,early;am_peak;midday;pm_peak;evening;owl,False,early;am_peak;midday;pm_peak;evening;owl,False,early;am_peak;midday;pm_peak;evening;owl,True,
exp4|exp4-pool-v1|65lines#9abcf4130fd7,95,3537286.0144431493,926.7480555555555,2517.1833333333334,True,89.06957638888888,59.143222222222214,29.606004629629627,59.143222222222214,44.55706944444445,29.482912037037035,True,,False,early,False,early;am_peak;midday;pm_peak;evening,False,early;am_peak;midday;pm_peak;evening;owl,False,early;evening,True,
exp4|exp4-pool-v1|65lines#9c453324e080,136,3548258.0436559813,920.4987037037038,2517.1833333333334,True,88.21777777777778,58.630567129629625,29.286240740740737,58.93574305555555,44.19875925925926,29.48775694444444,True,,False,early,True,,False,early;am_peak;midday;pm_peak;evening;owl,True,,True,
exp4|exp4-pool-v1|65lines#a0f74ef83923,72,3531302.515422671,933.7499537037037,2517.1833333333334,True,89.66528703703705,59.49141666666666,29.836430555555552,59.54715972222222,44.83224421296296,29.836430555555552,True,,False,early,False,early;am_peak;midday;pm_peak;evening;owl,False,early;am_peak;midday;pm_peak;evening;owl,False,early;am_peak;midday;pm_peak;evening;owl,True,
exp4|exp4-pool-v1|65lines#a2f5fd540ba7,162,3556255.6678202907,918.110925925926,2517.1833333333334,True,88.65765277777777,58.89533333333332,29.04069444444444,58.89533333333332,44.16298148148148,29.04069444444444,True,,False,early,False,early,False,early;am_peak;pm_peak;evening,True,,True,
exp4|exp4-pool-v1|65lines#a52e297e84b2,96,3537296.2632371094,928.4413425925927,2517.1833333333334,True,89.40009490740742,59.56467592592592,29.559791666666666,59.54620138888888,44.253597222222226,29.533597222222223,True,,False,early,False,early;am_peak;midday;pm_peak;owl,False,early;am_peak;midday;pm_peak;evening;owl,False,early;am_peak;pm_peak,True,
exp4|exp4-pool-v1|65lines#a5fae152436b,20,3519338.2787365755,927.0891666666665,2517.1833333333334,True,88.99562499999999,59.321951388888884,29.60674999999999,59.03051157407406,44.52568402777777,29.560111111111105,True,,False,early,False,early;am_peak;midday;evening;owl,False,early;am_peak;midday;pm_peak;evening;owl,False,early;am_peak;evening,True,
exp4|exp4-pool-v1|65lines#a9687a8f6146,108,3540784.281940028,915.7730555555556,2517.1833333333334,True,88.17316203703705,58.4478449074074,29.00555555555555,58.4478449074074,44.07385648148148,29.296143518518512,True,,False,early,True,,False,early;am_peak;pm_peak;evening;owl,True,,True,
exp4|exp4-pool-v1|65lines#ab7e78e194ba,84,3535150.3010122306,931.9664814814815,2517.1833333333334,True,89.50631018518519,59.56467592592592,29.707055555555552,59.56467592592592,44.75831944444444,29.68086111111111,True,,False,early,False,early;am_peak;midday;pm_peak;evening;owl,False,early;am_peak;midday;pm_peak;evening;owl,False,early;am_peak;midday;pm_peak;evening;owl,True,
exp4|exp4-pool-v1|65lines#ac9267f1a2ef,142,3551125.224358304,926.1899074074074,2517.1833333333334,True,88.82578703703705,59.15349768518519,29.64114351851852,59.15349768518519,44.21302777777778,29.64114351851852,True,,False,early,False,early;am_peak;midday;pm_peak;owl,False,early;am_peak;midday;pm_peak;evening;owl,False,early;midday;owl,True,
exp4|exp4-pool-v1|65lines#aeef8ff78bd1,194,3564724.3941063103,915.4920833333333,2517.1833333333334,True,88.05528703703703,58.24702083333332,29.150263888888887,58.768833333333326,43.96364814814815,29.150263888888887,True,,False,early,True,,False,early;pm_peak;evening,True,,True,
exp4|exp4-pool-v1|65lines#afa2c72be006,79,3534434.337091273,923.5045833333334,2517.1833333333334,True,88.54526157407409,58.92206018518518,29.491483796296297,59.03168287037036,44.274414351851846,29.50532638888889,True,,False,early,True,,False,early;am_peak;midday;pm_peak;evening;owl,True,,True,
exp4|exp4-pool-v1|65lines#b14349a05c65,91,3536392.6914285184,939.1500925925925,2517.1833333333334,True,90.21845833333333,60.05747222222222,29.991041666666664,59.820018518518516,45.01517939814815,29.991041666666664,True,,False,early,False,early;am_peak;midday;pm_peak;evening;owl,False,early;am_peak;midday;pm_peak;evening;owl,False,early;am_peak;midday;pm_peak;evening;owl,True,
exp4|exp4-pool-v1|65lines#b238cac2845e,18,3519034.7204397647,923.4847685185185,2517.1833333333334,True,88.59727777777778,58.782942129629625,29.539453703703696,59.049944444444435,44.24949768518518,29.513259259259254,True,,False,early,False,early;midday;pm_peak,False,early;am_peak;midday;pm_peak;evening;owl,True,,True,
exp4|exp4-pool-v1|65lines#b29253eb2d98,121,3542394.488278728,931.8150925925926,2517.1833333333334,True,89.3453101851852,59.45744907407407,29.782178240740738,59.45744907407407,44.691874999999996,29.78191203703704,True,,False,early,False,early;am_peak;midday;pm_peak;evening;owl,False,early;am_peak;midday;pm_peak;evening;owl,False,early;am_peak;midday;pm_peak;evening;owl,True,
exp4|exp4-pool-v1|65lines#b2b43dbb7034,80,3534548.3946819203,923.2076851851853,2517.1833333333334,True,88.777125,58.96955092592592,29.3597662037037,59.10520833333334,44.21356018518519,29.482912037037035,True,,False,early,False,early;pm_peak,False,early;am_peak;midday;pm_peak;evening;owl,True,,True,
exp4|exp4-pool-v1|65lines#b32a8b775c2b,78,3534412.4273298313,923.0825,2517.1833333333334,True,88.62171527777778,58.893949074074065,29.539453703703696,58.893949074074065,44.29496527777778,29.420194444444444,True,,False,early,False,early;midday;evening,False,early;am_peak;midday;pm_peak;evening;owl,True,,True,
exp4|exp4-pool-v1|65lines#b334833266db,159,3555911.108488937,928.1676851851852,2517.1833333333334,True,89.16668750000001,59.229472222222206,29.64114351851852,59.229472222222206,44.497226851851856,29.64114351851852,True,,False,early,False,early;am_peak;midday;pm_peak;evening;owl,False,early;am_peak;midday;pm_peak;evening;owl,False,early;am_peak;midday;pm_peak;evening;owl,True,
exp4|exp4-pool-v1|65lines#b3c43fb8ccb1,167,3556726.2550695604,924.6274074074074,2517.1833333333334,True,88.93109722222223,58.91710879629628,29.513259259259254,58.91710879629628,44.31051157407408,29.6058449074074,True,,False,early,False,early;evening;owl,False,early;am_peak;midday;pm_peak;evening;owl,False,early,True,
exp4|exp4-pool-v1|65lines#baed41dfdd6e,103,3538747.261495213,927.9681944444445,2517.1833333333334,True,88.94493981481482,59.054895833333326,29.680222222222216,59.36459722222222,44.5023912037037,29.654027777777774,True,,False,early,False,early;am_peak;midday;pm_peak;evening;owl,False,early;am_peak;midday;pm_peak;evening;owl,False,early;midday;pm_peak;evening;owl,True,
exp4|exp4-pool-v1|65lines#bb6abbbb8add,147,3553126.281504131,918.635,2517.1833333333334,True,88.8220601851852,58.89533333333332,29.04069444444444,58.89533333333332,44.23144907407407,29.04069444444444,True,,False,early,False,early,False,early;am_peak;pm_peak;evening,True,,True,
exp4|exp4-pool-v1|65lines#be27a31e5ddf,43,3524204.4675950753,912.7961805555556,2517.1833333333334,True,87.50658796296297,58.38350347222221,29.100537037037032,58.158907407407405,43.7953275462963,29.21511111111111,True,,False,early,True,,False,early;am_peak;evening;owl,True,,True,
exp4|exp4-pool-v1|65lines#be9b37534398,183,3559163.9067960046,910.7924074074074,2517.1833333333334,True,87.75644675925928,58.246914351851835,29.035902777777775,58.246914351851835,43.535805555555555,29.009708333333332,True,,False,early,True,,False,early,True,,True,
exp4|exp4-pool-v1|65lines#c053fafadb97,153,3555039.6516065765,927.8381481481482,2517.1833333333334,True,88.84777546296296,59.297034722222214,29.64114351851852,59.297034722222214,44.46059722222222,29.64114351851852,True,,False,early,False,early;am_peak;midday;pm_peak;evening;owl,False,early;am_peak;midday;pm_peak;evening;owl,False,early;am_peak;midday;pm_peak;evening;owl,True,
exp4|exp4-pool-v1|65lines#c374c87023ef,143,3551680.424608961,932.7225000000001,2517.1833333333334,True,89.62871064814814,59.70320833333333,29.653814814814808,59.70320833333333,44.827106481481486,29.653814814814808,True,,False,early,False,early;am_peak;midday;pm_peak;evening;owl,False,early;am_peak;midday;pm_peak;evening;owl,False,early;am_peak;midday;pm_peak;evening;owl,True,
exp4|exp4-pool-v1|65lines#c39c36214499,27,3520858.7430317807,918.6486574074074,2517.1833333333334,True,88.31904166666666,58.74908101851852,29.35124768518518,58.413930555555545,43.91919212962962,29.42243055555555,True,,False,early,True,,False,early;am_peak;midday;pm_peak;evening;owl,True,,True,
exp4|exp4-pool-v1|65lines#c48ea2959f6c,160,3556164.037347535,916.4738888888888,2517.1833333333334,True,88.14318750000001,58.51301157407406,29.176671296296295,58.51301157407406,43.89038888888889,29.326490740740738,True,,False,early,True,,False,early;am_peak;midday;pm_peak;evening;owl,True,,True,
exp4|exp4-pool-v1|65lines#c625281e02c8,116,3541607.497857264,918.3015740740741,2517.1833333333334,True,88.35444675925926,58.630567129629625,29.00555555555555,58.85811805555555,43.985263888888895,29.482912037037035,True,,False,early,True,,False,early;am_peak;pm_peak;evening;owl,True,,True,
exp4|exp4-pool-v1|65lines#c6824140fb68,97,3537381.6987630967,932.0950462962963,2517.1833333333334,True,89.61289814814815,59.789138888888886,29.72515740740741,59.408733796296296,44.80815277777778,29.58438888888889,True,,False,early,False,early;am_peak;midday;pm_peak;evening;owl,False,early;am_peak;midday;pm_peak;evening;owl,False,early;am_peak;midday;pm_peak;evening,True,
exp4|exp4-pool-v1|65lines#c85f68507f8c,7,3516382.150912489,922.7165740740741,2517.1833333333334,True,88.63209722222223,58.97242592592591,29.435847222222222,58.97242592592591,44.238077546296296,29.40965277777778,True,,False,early,False,early,False,early;am_peak;midday;pm_peak;evening;owl,True,,True,
exp4|exp4-pool-v1|65lines#ca20041516cf,161,3556178.440524822,912.384537037037,2517.1833333333334,True,87.8818287037037,58.246914351851835,29.035902777777775,58.246914351851835,43.93085185185185,29.009708333333332,True,,False,early,True,,False,early;evening,True,,True,
exp4|exp4-pool-v1|65lines#ceab9279540c,93,3537145.5246466636,926.318888888889,2517.1833333333334,True,88.97645833333334,59.143222222222214,29.606004629629627,59.143222222222214,44.48024305555556,29.482912037037035,True,,False,early,False,early;am_peak;midday;pm_peak;evening,False,early;am_peak;midday;pm_peak;evening;owl,False,early;evening,True,
exp4|exp4-pool-v1|65lines#cee061c4de90,111,3541395.1856340906,931.9297685185186,2517.1833333333334,True,89.51802314814815,59.36800462962962,29.78191203703704,59.68782175925926,44.53319097222223,29.78191203703704,True,,False,early,False,early;am_peak;midday;pm_peak;evening;owl,False,early;am_peak;midday;pm_peak;evening;owl,False,early;am_peak;midday;pm_peak;evening;owl,True,
exp4|exp4-pool-v1|65lines#d10361d1b34d,184,3559334.9352493696,936.6649074074074,2517.1833333333334,True,89.92345138888889,59.8252361111111,29.87955555555555,59.8252361111111,44.95291435185185,29.87955555555555,True,,False,early,False,early;am_peak;midday;pm_peak;evening;owl,False,early;am_peak;midday;pm_peak;evening;owl,False,early;am_peak;midday;pm_peak;evening;owl,True,
exp4|exp4-pool-v1|65lines#d108352c408e,134,3547029.89810057,912.4958333333333,2517.1833333333334,True,87.7328611111111,58.169289351851845,29.00555555555555,58.169289351851845,43.85429166666667,29.23970833333333,True,,False,early,True,,False,early;evening;owl,True,,True,
exp4|exp4-pool-v1|65lines#d1f8d2497954,3,3514611.1823909655,930.0356481481481,2517.1833333333334,True,89.01771990740743,59.49365277777776,29.75289583333333,59.38312499999999,44.573281249999994,29.6774537037037,True,,False,early,False,early;am_peak;midday;pm_peak;evening;owl,False,early;am_peak;midday;pm_peak;evening;owl,False,early;am_peak;midday;pm_peak;evening;owl,True,
exp4|exp4-pool-v1|65lines#d451584c40c6,193,3562761.832795983,917.4902777777777,2517.1833333333334,True,88.24934953703703,58.74743055555555,29.150263888888887,58.71165277777777,44.10867592592593,29.150263888888887,True,,False,early,True,,False,early;am_peak;pm_peak;evening,True,,True,
exp4|exp4-pool-v1|65lines#d57d1794e8c7,177,3557994.2593762907,919.0444444444445,2517.1833333333334,True,88.31249305555555,58.91710879629628,29.035902777777775,58.91710879629628,44.14977777777778,29.326490740740738,True,,False,early,True,,False,early;am_peak;pm_peak;evening;owl,True,,True,
exp4|exp4-pool-v1|65lines#d6f401185657,50,3525178.398560694,916.7305324074073,2517.1833333333334,True,88.11172222222221,58.328239583333335,29.355027777777778,58.67874999999999,43.922306712962964,29.196050925925928,True,,False,early,True,,False,early;am_peak;midday;pm_peak;evening;owl,True,,True,
exp4|exp4-pool-v1|65lines#d8ce37fb32b7,99,3537827.6564453985,931.5393981481482,2517.1833333333334,True,89.39647453703705,59.518942129629615,29.78191203703704,59.51622685185185,44.497226851851856,29.78191203703704,True,,False,early,False,early;am_peak;midday;pm_peak;evening;owl,False,early;am_peak;midday;pm_peak;evening;owl,False,early;am_peak;midday;pm_peak;evening;owl,True,
exp4|exp4-pool-v1|65lines#d9b4952dfca7,38,3523481.9058457925,915.809074074074,2517.1833333333334,True,87.80803703703704,58.551398148148145,29.21047916666666,58.53979166666665,43.8617986111111,29.2634537037037,True,,False,early,True,,False,early;am_peak;midday;pm_peak;evening;owl,True,,True,
exp4|exp4-pool-v1|65lines#dd62c1c002ec,82,3534927.1495622927,926.5648611111112,2517.1833333333334,True,88.88669444444444,59.194386574074066,29.58886111111111,59.1318287037037,44.43280555555556,29.58886111111111,True,,False,early,False,early;am_peak;midday;pm_peak;evening;owl,False,early;am_peak;midday;pm_peak;evening;owl,False,early;evening,True,
exp4|exp4-pool-v1|65lines#e07e623ac167,155,3555508.0273391698,938.9785185185186,2517.1833333333334,True,90.15323842592592,59.840995370370365,29.991041666666664,60.015092592592595,45.014513888888885,29.991041666666664,True,,False,early,False,early;am_peak;midday;pm_peak;evening;owl,False,early;am_peak;midday;pm_peak;evening;owl,False,early;am_peak;midday;pm_peak;evening;owl,True,
exp4|exp4-pool-v1|65lines#e0995f81d96e,45,3524530.2851047106,917.6663888888888,2517.1833333333334,True,88.47397222222222,58.811638888888886,29.04069444444444,58.811638888888886,44.25255902777777,29.04069444444444,True,,False,early,True,,False,early;am_peak;pm_peak;evening,True,,True,
exp4|exp4-pool-v1|65lines#e10f2321e79b,17,3518981.4458532785,911.0761111111112,2517.1833333333334,True,87.44775694444445,58.24089814814814,29.100537037037032,58.24089814814814,43.586836805555556,29.07434259259259,True,,False,early,True,,True,,True,,True,
exp4|exp4-pool-v1|65lines#e12502aa3359,109,3540842.6045076484,918.8312962962963,2517.1833333333334,True,88.36855555555556,58.66884722222222,29.00555555555555,58.66884722222222,44.24374768518519,29.482912037037035,True,,False,early,True,,False,early;am_peak;pm_peak;evening;owl,True,,True,
exp4|exp4-pool-v1|65lines#e17adda58300,148,3553366.955423757,937.9016666666668,2517.1833333333334,True,90.13263425925928,59.765499999999996,29.991041666666664,59.765499999999996,44.959037037037035,29.991041666666664,True,,False,early,False,early;am_peak;midday;pm_peak;evening;owl,False,early;am_peak;midday;pm_peak;evening;owl,False,early;am_peak;midday;pm_peak;evening;owl,True,
exp4|exp4-pool-v1|65lines#e19c5c597f1b,174,3557897.455163476,937.5414814814815,2517.1833333333334,True,89.90210185185187,59.900625,29.991041666666664,59.900625,44.7680625,29.991041666666664,True,,False,early,False,early;am_peak;midday;pm_peak;evening;owl,False,early;am_peak;midday;pm_peak;evening;owl,False,early;am_peak;midday;pm_peak;evening;owl,True,
exp4|exp4-pool-v1|65lines#e1d16563d333,47,3524777.1321239825,921.490462962963,2517.1833333333334,True,88.43622453703703,58.98893055555555,29.176671296296295,58.98893055555555,44.19210416666667,29.513259259259254,True,,False,early,True,,False,early;am_peak;midday;pm_peak;evening;owl,True,,True,
exp4|exp4-pool-v1|65lines#e262be604e11,36,3523132.27914844,918.6360879629628,2517.1833333333334,True,88.14925694444445,58.75491087962963,29.307749999999995,58.56119444444444,44.06957060185185,29.343314814814814,True,,False,early,True,,False,early;am_peak;midday;pm_peak;evening;owl,True,,True,
exp4|exp4-pool-v1|65lines#e368e4c6663c,68,3530740.945360298,929.7569444444443,2517.1833333333334,True,89.2029976851852,59.47991666666666,29.64114351851852,59.352671296296286,44.6557511574074,29.64114351851852,True,,False,early,False,early;am_peak;midday;pm_peak;evening;owl,False,early;am_peak;midday;pm_peak;evening;owl,False,early;am_peak;midday;pm_peak;evening;owl,True,
exp4|exp4-pool-v1|65lines#e539104e3397,73,3531431.3031785293,928.6261111111112,2517.1833333333334,True,89.10503472222223,59.32466666666666,29.641409722222217,59.42018055555555,44.44502430555555,29.64114351851852,True,,False,early,False,early;am_peak;midday;pm_peak;evening;owl,False,early;am_peak;midday;pm_peak;evening;owl,False,early;am_peak;midday;pm_peak;evening;owl,True,
exp4|exp4-pool-v1|65lines#e5d0b0b5e37b,169,3556758.200363788,930.0355555555556,2517.1833333333334,True,89.20651157407407,59.57420601851851,29.64114351851852,59.57420601851851,44.497226851851856,29.64114351851852,True,,False,early,False,early;am_peak;midday;pm_peak;evening;owl,False,early;am_peak;midday;pm_peak;evening;owl,False,early;am_peak;midday;pm_peak;evening;owl,True,
exp4|exp4-pool-v1|65lines#e75ee82e034a,107,3540722.670714628,922.7699074074075,2517.1833333333334,True,88.47141666666667,58.95432407407407,29.390113425925925,58.95432407407407,44.27409490740741,29.513259259259254,True,,False,early,True,,False,early;am_peak;midday;pm_peak;evening;owl,True,,True,
exp4|exp4-pool-v1|65lines#e978e8cc7393,42,3524170.5059964024,915.8019907407407,2517.1833333333334,True,87.92846759259261,58.4193611111111,29.21047916666666,58.58882638888889,43.8617986111111,29.2634537037037,True,,False,early,True,,False,early;am_peak;midday;pm_peak;evening;owl,True,,True,
exp4|exp4-pool-v1|65lines#eb44aa2e4763,141,3550211.587949542,920.1190740740741,2517.1833333333334,True,88.49532175925926,58.87552777777777,29.035902777777775,58.87552777777777,44.19210416666667,29.484881944444442,True,,False,early,True,,False,early;am_peak;pm_peak;evening;owl,True,,True,
exp4|exp4-pool-v1|65lines#ebb81d232aa0,19,3519130.1103711505,925.6196759259258,2517.1833333333334,True,88.86539814814815,59.03051157407406,29.59397222222222,59.05367129629628,44.40786226851852,29.547333333333334,True,,False,early,False,early;midday;pm_peak;evening;owl,False,early;am_peak;midday;pm_peak;evening;owl,False,early,True,
exp4|exp4-pool-v1|65lines#ec59b41db804,49,3524949.4480044497,921.6652777777776,2517.1833333333334,True,88.53674305555556,58.98893055555555,29.176671296296295,58.98893055555555,44.19210416666667,29.513259259259254,True,,False,early,True,,False,early;am_peak;midday;pm_peak;evening;owl,True,,True,
exp4|exp4-pool-v1|65lines#ecb2ffc4bcce,1,3511184.5657525407,922.7448148148148,2517.1833333333334,True,88.47796527777778,58.94314351851851,29.509106481481478,58.94314351851851,44.14740856481481,29.482912037037035,True,,False,early,True,,False,early;am_peak;midday;pm_peak;evening;owl,True,,True,
exp4|exp4-pool-v1|65lines#eed717e8318b,75,3531535.117875299,938.2969907407407,2517.1833333333334,True,90.0240763888889,59.8577662037037,29.991041666666664,59.87081018518518,44.97878935185185,29.991041666666664,True,,False,early,False,early;am_peak;midday;pm_peak;evening;owl,False,early;am_peak;midday;pm_peak;evening;owl,False,early;am_peak;midday;pm_peak;evening;owl,True,
exp4|exp4-pool-v1|65lines#f0d89fda7557,31,3521656.480598898,919.6537500000001,2517.1833333333334,True,88.37467824074075,58.81025462962962,29.40491435185185,58.551344907407405,44.06957060185185,29.343314814814814,True,,False,early,True,,False,early;am_peak;midday;pm_peak;evening;owl,True,,True,
exp4|exp4-pool-v1|65lines#f0dccfe1b209,65,3529624.5344988955,924.971851851852,2517.1833333333334,True,88.8270648148148,59.09259027777777,29.502291666666665,59.09259027777777,44.37011458333333,29.502291666666665,True,,False,early,False,early;am_peak;pm_peak;evening,False,early;am_peak;midday;pm_peak;evening;owl,False,early,True,
exp4|exp4-pool-v1|65lines#f217c449dafc,92,3536560.515980131,923.4587037037038,2517.1833333333334,True,88.85533564814816,59.019011574074064,29.39490509259259,59.019011574074064,44.35347685185185,29.39490509259259,True,,False,early,False,early;evening,False,early;am_peak;midday;pm_peak;evening;owl,False,early,True,
exp4|exp4-pool-v1|65lines#f49131f84c76,106,3540376.5458585196,916.6385648148149,2517.1833333333334,True,88.17997685185186,58.56359027777777,29.25408333333333,58.50465277777777,43.91945833333333,29.227888888888888,True,,False,early,True,,False,early;am_peak;midday;pm_peak;evening;owl,True,,True,
exp4|exp4-pool-v1|65lines#f4e4cc3e8f83,102,3538562.5905993003,929.6405555555556,2517.1833333333334,True,89.24239583333333,59.376629629629626,29.680222222222216,59.36459722222222,44.593166666666676,29.654027777777774,True,,False,early,False,early;am_peak;midday;pm_peak;evening;owl,False,early;am_peak;midday;pm_peak;evening;owl,False,early;am_peak;midday;pm_peak;evening;owl,True,
exp4|exp4-pool-v1|65lines#f7d5485bd840,83,3535069.7082900093,936.2364351851852,2517.1833333333334,True,89.80344675925927,59.92511574074073,29.841115740740744,59.79536805555555,44.95254166666667,29.841115740740744,True,,False,early,False,early;am_peak;midday;pm_peak;evening;owl,False,early;am_peak;midday;pm_peak;evening;owl,False,early;am_peak;midday;pm_peak;evening;owl,True,
exp4|exp4-pool-v1|65lines#feac42afd453,15,3518818.4775542533,915.5591666666667,2517.1833333333334,True,87.87874074074072,58.38768287037037,29.271493055555556,58.49267361111111,43.922306712962964,29.196050925925928,True,,False,early,True,,False,early;am_peak;midday;pm_peak;evening;owl,True,,True,
exp4|exp4-pool-v1|65lines#ff4e4bb1910b,178,3558443.7544507775,916.6324999999999,2517.1833333333334,True,87.92623148148148,58.657187499999985,29.035902777777775,58.657187499999985,44.03935648148148,29.326490740740738,True,,False,early,True,,False,early;am_peak;pm_peak;evening;owl,True,,True,
exp4|exp4-pool-v1|65lines#ff822f6ab822,59,3527706.9736478687,927.0208796296297,2517.1833333333334,True,89.27279629629629,59.23043055555555,29.539453703703696,59.205886574074064,44.4757974537037,29.513259259259254,True,,False,early,False,early;am_peak;midday;pm_peak;evening,False,early;am_peak;midday;pm_peak;evening;owl,False,early;am_peak;evening,True,
