candidate_id,state_digest,discovery_rank,certified_rank,certified_objective,objective_APPROXIMATE,early_cap,am_peak_cap,midday_cap,pm_peak_cap,evening_cap,owl_cap,baseline_vehicle_hours,optimized_vehicle_hours,optimized_peak_vehicles_scalar,n_route_periods,n_lines,rounds,converged,guarantee,hours_cap,envelope_digest,cap_provenance
exp4|exp4-pool-v1|65lines#00a1a066ae8e,00a1a066ae8ee7bc,122,28,3520906.51691085,3624017.3540001404,87.48345486111108,58.32230324074075,29.161151620370376,58.32230324074075,43.74172743055554,29.161151620370376,912.8708333333333,910.7606481481481,87.4715023148148,390,65,13,True,no block of 8 route-periods moved within 3 ladder rungs of the certified plan improves the objective,2517.1833333333334,b6c647d3766338a6,candidate_own_baseline_plan_peak_by_period
exp4|exp4-pool-v1|65lines#01053e1ee016,01053e1ee016216f,124,104,3539072.7309689224,3624018.1762991147,88.91776041666664,59.27850694444446,29.63925347222223,59.27850694444446,44.45888020833332,29.63925347222223,927.8375000000001,925.2823148148149,88.89739583333333,390,65,13,True,no block of 8 route-periods moved within 3 ladder rungs of the certified plan improves the objective,2517.1833333333334,b6c647d3766338a6,candidate_own_baseline_plan_peak_by_period
exp4|exp4-pool-v1|65lines#0252045320c1,0252045320c1b8d8,153,29,3521156.255557195,3624292.2947177878,88.65038541666665,59.10025694444445,29.550128472222227,59.10025694444445,44.325192708333326,29.550128472222227,925.0474999999999,922.9482407407407,88.60143055555555,390,65,14,True,no block of 8 route-periods moved within 3 ladder rungs of the certified plan improves the objective,2517.1833333333334,b6c647d3766338a6,candidate_own_baseline_plan_peak_by_period
exp4|exp4-pool-v1|65lines#0270ac82da93,0270ac82da933ed9,7,164,3556339.6479294095,3620194.1205149116,89.01902430555553,59.34601620370371,29.673008101851856,59.34601620370371,44.509512152777766,29.673008101851856,928.8941666666667,926.3603703703704,88.93445138888889,390,65,13,True,no block of 8 route-periods moved within 3 ladder rungs of the certified plan improves the objective,2517.1833333333334,b6c647d3766338a6,candidate_own_baseline_plan_peak_by_period
exp4|exp4-pool-v1|65lines#02a71a286c3f,02a71a286c3f364b,54,76,3532034.946140994,3621244.8686659206,89.53796180555554,59.69197453703704,29.84598726851852,59.69197453703704,44.76898090277777,29.84598726851852,934.3091666666667,930.7777777777777,89.53277083333332,390,65,13,True,no block of 8 route-periods moved within 3 ladder rungs of the certified plan improves the objective,2517.1833333333334,b6c647d3766338a6,candidate_own_baseline_plan_peak_by_period
exp4|exp4-pool-v1|65lines#036179be5d4b,036179be5d4bafcb,93,146,3553012.146829939,3623726.429136429,88.41415624999998,58.94277083333334,29.47138541666667,58.94277083333334,44.20707812499999,29.47138541666667,922.5825,920.9973148148148,88.40944444444445,390,65,9,True,no block of 8 route-periods moved within 3 ladder rungs of the certified plan improves the objective,2517.1833333333334,b6c647d3766338a6,candidate_own_baseline_plan_peak_by_period
exp4|exp4-pool-v1|65lines#03ddaa5089cf,03ddaa5089cfdb16,49,35,3522738.588747124,3621183.2828045604,88.86624999999998,59.24416666666667,29.622083333333336,59.24416666666667,44.43312499999999,29.622083333333336,927.3,920.2413194444446,88.83558333333335,390,65,13,True,no block of 8 route-periods moved within 3 ladder rungs of the certified plan improves the objective,2517.1833333333334,b6c647d3766338a6,candidate_own_baseline_plan_peak_by_period
exp4|exp4-pool-v1|65lines#03fce0e3f398,03fce0e3f398e7ed,106,6,3515967.7334132823,3623926.132963452,89.36051041666664,59.57367361111112,29.78683680555556,59.57367361111112,44.68025520833332,29.78683680555556,932.4575,929.8156481481481,89.27109259259258,390,65,14,True,no block of 8 route-periods moved within 3 ladder rungs of the certified plan improves the objective,2517.1833333333334,b6c647d3766338a6,candidate_own_baseline_plan_peak_by_period
exp4|exp4-pool-v1|65lines#05da9d9254f2,05da9d9254f20fbf,140,87,3535436.7638493297,3624253.132936629,88.9936284722222,59.32908564814815,29.664542824074076,59.32908564814815,44.4968142361111,29.664542824074076,928.6291666666666,925.7443981481483,88.97954629629629,390,65,13,True,no block of 8 route-periods moved within 3 ladder rungs of the certified plan improves the objective,2517.1833333333334,b6c647d3766338a6,candidate_own_baseline_plan_peak_by_period
exp4|exp4-pool-v1|65lines#06a0b7538dda,06a0b7538dda9db9,164,67,3530623.7339775376,3624321.641057033,88.3100173611111,58.873344907407414,29.436672453703707,58.873344907407414,44.15500868055555,29.436672453703707,921.4958333333334,919.3045833333333,88.26186111111112,390,65,13,True,no block of 8 route-periods moved within 3 ladder rungs of the certified plan improves the objective,2517.1833333333334,b6c647d3766338a6,candidate_own_baseline_plan_peak_by_period
exp4|exp4-pool-v1|65lines#0716b118f011,0716b118f011a4d9,131,126,3544689.7834692206,3624228.755515621,90.06073263888887,60.04048842592594,30.02024421296297,60.04048842592594,45.03036631944443,30.02024421296297,939.7641666666666,938.04875,90.0107662037037,390,65,10,True,no block of 8 route-periods moved within 3 ladder rungs of the certified plan improves the objective,2517.1833333333334,b6c647d3766338a6,candidate_own_baseline_plan_peak_by_period
exp4|exp4-pool-v1|65lines#07d8dadd9362,07d8dadd9362f8ad,98,44,3524227.5940536903,3623771.604316501,88.95066319444442,59.30044212962963,29.650221064814815,59.30044212962963,44.47533159722221,29.650221064814815,928.1808333333333,925.5336111111111,88.9338125,390,65,13,True,no block of 8 route-periods moved within 3 ladder rungs of the certified plan improves the objective,2517.1833333333334,b6c647d3766338a6,candidate_own_baseline_plan_peak_by_period
exp4|exp4-pool-v1|65lines#081afff930ee,081afff930eeaecb,165,62,3528659.4833576,3624322.289925378,88.31161458333331,58.87440972222224,29.43720486111112,58.87440972222224,44.155807291666655,29.43720486111112,921.5125,919.5855092592592,88.2019652777778,390,65,13,True,no block of 8 route-periods moved within 3 ladder rungs of the certified plan improves the objective,2517.1833333333334,b6c647d3766338a6,candidate_own_baseline_plan_peak_by_period
exp4|exp4-pool-v1|65lines#087a57214d17,087a57214d1752a0,95,145,3552132.7818167927,3623748.170081932,88.40089930555553,58.93393287037037,29.466966435185185,58.93393287037037,44.20044965277776,29.466966435185185,922.4441666666667,920.7223148148148,88.25978472222221,390,65,11,True,no block of 8 route-periods moved within 3 ladder rungs of the certified plan improves the objective,2517.1833333333334,b6c647d3766338a6,candidate_own_baseline_plan_peak_by_period
exp4|exp4-pool-v1|65lines#08ce303d15b9,08ce303d15b9dd25,60,32,3521700.176749518,3621312.7292644475,88.39610763888886,58.930738425925924,29.465369212962962,58.930738425925924,44.19805381944443,29.465369212962962,922.3941666666667,917.8672222222223,88.22603009259258,390,65,11,True,no block of 8 route-periods moved within 3 ladder rungs of the certified plan improves the objective,2517.1833333333334,b6c647d3766338a6,candidate_own_baseline_plan_peak_by_period
exp4|exp4-pool-v1|65lines#08f377545e31,08f377545e31e264,97,2,3511557.96418463,3623758.5156704206,88.3467534722222,58.89783564814816,29.44891782407408,58.89783564814816,44.1733767361111,29.44891782407408,921.8791666666667,918.0173148148149,88.32686805555555,390,65,11,True,no block of 8 route-periods moved within 3 ladder rungs of the certified plan improves the objective,2517.1833333333334,b6c647d3766338a6,candidate_own_baseline_plan_peak_by_period
exp4|exp4-pool-v1|65lines#09c5cc4dd6bb,09c5cc4dd6bb0a5c,81,173,3557804.766125843,3623462.9173550108,87.98003124999997,58.653354166666674,29.326677083333337,58.653354166666674,43.990015624999984,29.326677083333337,918.0525,913.9603703703704,87.93001157407409,390,65,13,True,no block of 8 route-periods moved within 3 ladder rungs of the certified plan improves the objective,2517.1833333333334,b6c647d3766338a6,candidate_own_baseline_plan_peak_by_period
exp4|exp4-pool-v1|65lines#0aa85064fdd4,0aa85064fdd42730,3,135,3548124.533957287,3619521.7327961735,88.99985763888887,59.33323842592594,29.66661921296297,59.33323842592594,44.499928819444435,29.66661921296297,928.6941666666667,926.6438888888889,88.99945833333332,390,65,5,True,no block of 8 route-periods moved within 3 ladder rungs of the certified plan improves the objective,2517.1833333333334,b6c647d3766338a6,candidate_own_baseline_plan_peak_by_period
exp4|exp4-pool-v1|65lines#0ac1e858735c,0ac1e858735ccaa3,156,120,3542287.2425543894,3624293.082180291,88.6816909722222,59.12112731481483,29.560563657407414,59.12112731481483,44.3408454861111,29.560563657407414,925.3741666666667,924.0177777777778,88.6598888888889,390,65,13,True,no block of 8 route-periods moved within 3 ladder rungs of the certified plan improves the objective,2517.1833333333334,b6c647d3766338a6,candidate_own_baseline_plan_peak_by_period
exp4|exp4-pool-v1|65lines#0ad8275d4fe8,0ad8275d4fe8b158,19,125,3544144.6475284905,3620590.367685278,88.61205208333331,59.0747013888889,29.53735069444445,59.0747013888889,44.306026041666655,29.53735069444445,924.6475,923.9769444444444,88.57449074074071,390,65,12,True,no block of 8 route-periods moved within 3 ladder rungs of the certified plan improves the objective,2517.1833333333334,b6c647d3766338a6,candidate_own_baseline_plan_peak_by_period
exp4|exp4-pool-v1|65lines#0b5cd76a4d95,0b5cd76a4d957089,157,119,3542240.814297736,3624305.3409292726,89.67548263888887,59.78365509259261,29.891827546296305,59.78365509259261,44.83774131944443,29.891827546296305,935.7441666666666,933.6387962962963,89.56492824074074,390,65,12,True,no block of 8 route-periods moved within 3 ladder rungs of the certified plan improves the objective,2517.1833333333334,b6c647d3766338a6,candidate_own_baseline_plan_peak_by_period
exp4|exp4-pool-v1|65lines#0bdd18b3f431,0bdd18b3f43142ab,180,81,3534750.2970836987,3624448.729441771,88.72090277777775,59.14726851851853,29.573634259259265,59.14726851851853,44.360451388888876,29.573634259259265,925.7833333333333,923.1096064814816,88.6488148148148,390,65,10,True,no block of 8 route-periods moved within 3 ladder rungs of the certified plan improves the objective,2517.1833333333334,b6c647d3766338a6,candidate_own_baseline_plan_peak_by_period
exp4|exp4-pool-v1|65lines#0c061c5da55c,0c061c5da55cae4b,26,98,3537441.2429289646,3620997.7304056096,88.51302430555553,59.00868287037038,29.50434143518519,59.00868287037038,44.256512152777766,29.50434143518519,923.6141666666667,921.8728703703704,88.47365277777776,390,65,11,True,no block of 8 route-periods moved within 3 ladder rungs of the certified plan improves the objective,2517.1833333333334,b6c647d3766338a6,candidate_own_baseline_plan_peak_by_period
exp4|exp4-pool-v1|65lines#0daa376b8e9d,0daa376b8e9dc1d3,186,110,3540892.429254189,3624490.5120467073,88.12442013888887,58.74961342592593,29.374806712962965,58.74961342592593,44.06221006944443,29.374806712962965,919.5591666666667,916.041712962963,88.08664583333332,390,65,12,True,no block of 8 route-periods moved within 3 ladder rungs of the certified plan improves the objective,2517.1833333333334,b6c647d3766338a6,candidate_own_baseline_plan_peak_by_period
exp4|exp4-pool-v1|65lines#0eb5719e8796,0eb5719e87963cca,121,54,3526363.2142598988,3624016.5535792033,87.69652430555553,58.46434953703704,29.23217476851852,58.46434953703704,43.848262152777764,29.23217476851852,915.0941666666666,912.7470370370371,87.63346064814816,390,65,13,True,no block of 8 route-periods moved within 3 ladder rungs of the certified plan improves the objective,2517.1833333333334,b6c647d3766338a6,candidate_own_baseline_plan_peak_by_period
exp4|exp4-pool-v1|65lines#0f952255f5bd,0f952255f5bdaade,150,56,3526558.0461361655,3624273.567857834,87.56635069444441,58.377567129629625,29.188783564814813,58.377567129629625,43.783175347222205,29.188783564814813,913.7358333333334,910.4874074074075,87.43268981481482,390,65,13,True,no block of 8 route-periods moved within 3 ladder rungs of the certified plan improves the objective,2517.1833333333334,b6c647d3766338a6,candidate_own_baseline_plan_peak_by_period
exp4|exp4-pool-v1|65lines#10861b7f4f6b,10861b7f4f6b5ff3,192,128,3545252.7788831396,3624505.187348559,87.96485763888886,58.64323842592593,29.321619212962965,58.64323842592593,43.98242881944443,29.321619212962965,917.8941666666667,915.2174074074074,87.8976412037037,390,65,11,True,no block of 8 route-periods moved within 3 ladder rungs of the certified plan improves the objective,2517.1833333333334,b6c647d3766338a6,candidate_own_baseline_plan_peak_by_period
exp4|exp4-pool-v1|65lines#113872a5a967,113872a5a967227a,109,10,3517566.4776370795,3623935.1931554354,89.05448263888887,59.36965509259261,29.684827546296304,59.36965509259261,44.527241319444435,29.684827546296304,929.2641666666668,926.8154629629629,89.04178472222222,390,65,13,True,no block of 8 route-periods moved within 3 ladder rungs of the certified plan improves the objective,2517.1833333333334,b6c647d3766338a6,candidate_own_baseline_plan_peak_by_period
exp4|exp4-pool-v1|65lines#11967e711b01,11967e711b012918,31,149,3553402.196117219,3621086.0573391374,90.16694791666664,60.111298611111124,30.055649305555562,60.111298611111124,45.08347395833332,30.055649305555562,940.8725,938.8157407407407,90.1618101851852,390,65,13,True,no block of 8 route-periods moved within 3 ladder rungs of the certified plan improves the objective,2517.1833333333334,b6c647d3766338a6,candidate_own_baseline_plan_peak_by_period
exp4|exp4-pool-v1|65lines#11c2ecb78519,11c2ecb78519b1ff,27,89,3536057.5924843373,3621047.3879403872,90.04923263888887,60.03282175925928,30.01641087962964,60.03282175925928,45.02461631944443,30.01641087962964,939.6441666666667,938.1769444444444,90.00134259259258,390,65,13,True,no block of 8 route-periods moved within 3 ladder rungs of the certified plan improves the objective,2517.1833333333334,b6c647d3766338a6,candidate_own_baseline_plan_peak_by_period
exp4|exp4-pool-v1|65lines#12165a4c04c6,12165a4c04c60794,151,25,3520776.10309261,3624274.854174218,88.03210069444441,58.688067129629644,29.344033564814822,58.688067129629644,44.016050347222205,29.344033564814822,918.5958333333333,916.6793518518517,87.97893981481484,390,65,13,True,no block of 8 route-periods moved within 3 ladder rungs of the certified plan improves the objective,2517.1833333333334,b6c647d3766338a6,candidate_own_baseline_plan_peak_by_period
exp4|exp4-pool-v1|65lines#12ab99b5915e,12ab99b5915e2cd7,135,12,3518302.5542372954,3624240.9884686517,89.60951736111109,59.73967824074076,29.86983912037038,59.73967824074076,44.804758680555544,29.86983912037038,935.0558333333333,933.4566203703704,89.56295833333334,390,65,13,True,no block of 8 route-periods moved within 3 ladder rungs of the certified plan improves the objective,2517.1833333333334,b6c647d3766338a6,candidate_own_baseline_plan_peak_by_period
exp4|exp4-pool-v1|65lines#12f767e55302,12f767e55302b599,29,37,3523180.8867645906,3621071.413726807,89.0346770833333,59.3564513888889,29.67822569444445,59.3564513888889,44.51733854166665,29.67822569444445,929.0575000000001,926.9260185185185,88.73240277777778,390,65,12,True,no block of 8 route-periods moved within 3 ladder rungs of the certified plan improves the objective,2517.1833333333334,b6c647d3766338a6,candidate_own_baseline_plan_peak_by_period
exp4|exp4-pool-v1|65lines#134866497ed7,134866497ed74543,183,132,3546493.2174105896,3624469.2516820543,88.40393402777775,58.935956018518525,29.467978009259262,58.935956018518525,44.201967013888876,29.467978009259262,922.4758333333334,918.2587037037038,88.32926388888887,390,65,11,True,no block of 8 route-periods moved within 3 ladder rungs of the certified plan improves the objective,2517.1833333333334,b6c647d3766338a6,candidate_own_baseline_plan_peak_by_period
exp4|exp4-pool-v1|65lines#13a0dd5dbfc2,13a0dd5dbfc207f9,132,101,3538302.378600798,3624233.1025881246,90.12797569444443,60.085317129629644,30.042658564814822,60.085317129629644,45.063987847222215,30.042658564814822,940.4658333333334,939.1521759259259,90.02168055555556,390,65,11,True,no block of 8 route-periods moved within 3 ladder rungs of the certified plan improves the objective,2517.1833333333334,b6c647d3766338a6,candidate_own_baseline_plan_peak_by_period
exp4|exp4-pool-v1|65lines#13b8d9ecee0a,13b8d9ecee0a3d77,75,181,3558749.892137744,3623211.642767561,88.50951041666664,59.00634027777778,29.50317013888889,59.00634027777778,44.25475520833332,29.50317013888889,923.5775000000001,919.8903703703704,88.2898125,390,65,13,True,no block of 8 route-periods moved within 3 ladder rungs of the certified plan improves the objective,2517.1833333333334,b6c647d3766338a6,candidate_own_baseline_plan_peak_by_period
exp4|exp4-pool-v1|65lines#16e8b03c4a01,16e8b03c4a0169d5,43,163,3556271.8102817866,3621147.3570400598,88.97941319444442,59.31960879629631,29.659804398148154,59.31960879629631,44.48970659722221,29.659804398148154,928.4808333333333,927.460462962963,88.81146527777778,390,65,13,True,no block of 8 route-periods moved within 3 ladder rungs of the certified plan improves the objective,2517.1833333333334,b6c647d3766338a6,candidate_own_baseline_plan_peak_by_period
exp4|exp4-pool-v1|65lines#17ba3dab9fb8,17ba3dab9fb8f4db,39,41,3524070.1604174804,3621136.631052433,88.69590624999998,59.13060416666667,29.565302083333336,59.13060416666667,44.34795312499999,29.565302083333336,925.5224999999999,919.4614814814815,88.6690462962963,390,65,13,True,no block of 8 route-periods moved within 3 ladder rungs of the certified plan improves the objective,2517.1833333333334,b6c647d3766338a6,candidate_own_baseline_plan_peak_by_period
exp4|exp4-pool-v1|65lines#1d0aabc5049c,1d0aabc5049cdeea,79,182,3558977.9487632075,3623459.9404315967,87.76440624999998,58.509604166666676,29.254802083333338,58.509604166666676,43.88220312499999,29.254802083333338,915.8025,910.1486111111112,87.51100694444445,390,65,13,True,no block of 8 route-periods moved within 3 ladder rungs of the certified plan improves the objective,2517.1833333333334,b6c647d3766338a6,candidate_own_baseline_plan_peak_by_period
exp4|exp4-pool-v1|65lines#1e4ab698f22a,1e4ab698f22af17c,102,192,3562567.3671676307,3623894.8015233995,88.67610069444443,59.117400462962976,29.558700231481488,59.117400462962976,44.338050347222214,29.558700231481488,925.3158333333333,921.4930092592592,88.57954861111112,390,65,3,True,no block of 8 route-periods moved within 3 ladder rungs of the certified plan improves the objective,2517.1833333333334,b6c647d3766338a6,candidate_own_baseline_plan_peak_by_period
exp4|exp4-pool-v1|65lines#1f2a136ff4a1,1f2a136ff4a198d2,5,166,3556595.082994553,3619809.4343762966,88.62722569444442,59.08481712962963,29.542408564814814,59.08481712962963,44.31361284722221,29.542408564814814,924.8058333333333,923.7144444444446,88.6267199074074,390,65,13,True,no block of 8 route-periods moved within 3 ladder rungs of the certified plan improves the objective,2517.1833333333334,b6c647d3766338a6,candidate_own_baseline_plan_peak_by_period
exp4|exp4-pool-v1|65lines#202bcbd30b0b,202bcbd30b0b7129,190,137,3548381.111676563,3624501.494504511,87.92045486111108,58.61363657407408,29.30681828703704,58.61363657407408,43.96022743055554,29.30681828703704,917.4308333333333,913.9455555555555,87.86399305555555,390,65,11,True,no block of 8 route-periods moved within 3 ladder rungs of the certified plan improves the objective,2517.1833333333334,b6c647d3766338a6,candidate_own_baseline_plan_peak_by_period
exp4|exp4-pool-v1|65lines#208b85f8a5e6,208b85f8a5e66044,23,140,3549853.15949673,3620845.998532142,89.5275798611111,59.68505324074076,29.84252662037038,59.68505324074076,44.76378993055555,29.84252662037038,934.2008333333333,930.6762962962964,89.34909027777778,390,65,11,True,no block of 8 route-periods moved within 3 ladder rungs of the certified plan improves the objective,2517.1833333333334,b6c647d3766338a6,candidate_own_baseline_plan_peak_by_period
exp4|exp4-pool-v1|65lines#21fa771c4311,21fa771c43113bb0,139,4,3515010.545682507,3624250.7096351343,89.43414236111109,59.622761574074076,29.811380787037038,59.622761574074076,44.71707118055554,29.811380787037038,933.2258333333333,930.3288888888889,89.42240277777778,390,65,13,True,no block of 8 route-periods moved within 3 ladder rungs of the certified plan improves the objective,2517.1833333333334,b6c647d3766338a6,candidate_own_baseline_plan_peak_by_period
exp4|exp4-pool-v1|65lines#229cb1654b51,229cb1654b519f4d,16,100,3538293.1172838197,3620253.345260709,88.41128124999997,58.94085416666667,29.470427083333334,58.94085416666667,44.20564062499999,29.470427083333334,922.5525,917.967037037037,88.33820833333333,390,65,13,True,no block of 8 route-periods moved within 3 ladder rungs of the certified plan improves the objective,2517.1833333333334,b6c647d3766338a6,candidate_own_baseline_plan_peak_by_period
exp4|exp4-pool-v1|65lines#236aa4945a39,236aa4945a39ab5a,76,191,3561804.426877061,3623339.71404523,88.04232291666663,58.69488194444445,29.347440972222223,58.69488194444445,44.02116145833332,29.347440972222223,918.7025000000001,912.5468981481481,87.97638425925925,390,65,13,True,no block of 8 route-periods moved within 3 ladder rungs of the certified plan improves the objective,2517.1833333333334,b6c647d3766338a6,candidate_own_baseline_plan_peak_by_period
exp4|exp4-pool-v1|65lines#24e142fc0287,24e142fc028759e0,198,5,3515759.623238675,3624527.721223027,89.35715624999997,59.5714375,29.78571875,59.5714375,44.67857812499999,29.78571875,932.4225000000001,930.481388888889,89.31379166666666,390,65,13,True,no block of 8 route-periods moved within 3 ladder rungs of the certified plan improves the objective,2517.1833333333334,b6c647d3766338a6,candidate_own_baseline_plan_peak_by_period
exp4|exp4-pool-v1|65lines#25f7cef7f2e9,25f7cef7f2e975ee,125,51,3525501.969256101,3624019.9245529277,87.94776736111109,58.63184490740741,29.315922453703706,58.63184490740741,43.973883680555545,29.315922453703706,917.7158333333334,915.6786574074074,87.84275000000001,390,65,14,True,no block of 8 route-periods moved within 3 ladder rungs of the certified plan improves the objective,2517.1833333333334,b6c647d3766338a6,candidate_own_baseline_plan_peak_by_period
exp4|exp4-pool-v1|65lines#260d2e19636c,260d2e19636c0199,168,188,3559923.102051383,3624371.21626929,88.46989930555553,58.97993287037038,29.48996643518519,58.97993287037038,44.234949652777765,29.48996643518519,923.1641666666667,920.0647222222221,88.39006481481482,390,65,13,True,no block of 8 route-periods moved within 3 ladder rungs of the certified plan improves the objective,2517.1833333333334,b6c647d3766338a6,candidate_own_baseline_plan_peak_by_period
exp4|exp4-pool-v1|65lines#2647272a8b91,2647272a8b91fcea,179,124,3543841.007804035,3624439.5045194887,88.02762847222219,58.685085648148146,29.342542824074073,58.685085648148146,44.013814236111095,29.342542824074073,918.5491666666667,914.1536111111111,87.97292361111111,390,65,11,True,no block of 8 route-periods moved within 3 ladder rungs of the certified plan improves the objective,2517.1833333333334,b6c647d3766338a6,candidate_own_baseline_plan_peak_by_period
exp4|exp4-pool-v1|65lines#26e7a4efc7d8,26e7a4efc7d8dc3e,119,48,3524908.6380053377,3623999.580510936,87.76296874999997,58.50864583333333,29.254322916666666,58.50864583333333,43.881484374999985,29.254322916666666,915.7874999999999,913.7593055555556,87.69053472222221,390,65,13,True,no block of 8 route-periods moved within 3 ladder rungs of the certified plan improves the objective,2517.1833333333334,b6c647d3766338a6,candidate_own_baseline_plan_peak_by_period
exp4|exp4-pool-v1|65lines#26ea778a42d5,26ea778a42d540f5,170,74,3531483.7204951853,3624394.448205972,89.71748958333332,59.81165972222223,29.905829861111116,59.81165972222223,44.85874479166666,29.905829861111116,936.1824999999999,933.49,89.51812962962963,390,65,10,True,no block of 8 route-periods moved within 3 ladder rungs of the certified plan improves the objective,2517.1833333333334,b6c647d3766338a6,candidate_own_baseline_plan_peak_by_period
exp4|exp4-pool-v1|65lines#27e98a3c03dd,27e98a3c03ddb43c,103,40,3523966.976301446,3623898.201487316,89.53588541666664,59.69059027777779,29.845295138888893,59.69059027777779,44.76794270833332,29.845295138888893,934.2875000000001,930.8498148148149,89.52340046296295,390,65,14,True,no block of 8 route-periods moved within 3 ladder rungs of the certified plan improves the objective,2517.1833333333334,b6c647d3766338a6,candidate_own_baseline_plan_peak_by_period
exp4|exp4-pool-v1|65lines#29c0b77eb870,29c0b77eb8702547,141,90,3536324.751645186,3624253.132936629,88.98723958333332,59.324826388888894,29.662413194444447,59.324826388888894,44.49361979166666,29.662413194444447,928.5625,925.4006018518519,88.85853009259257,390,65,13,True,no block of 8 route-periods moved within 3 ladder rungs of the certified plan improves the objective,2517.1833333333334,b6c647d3766338a6,candidate_own_baseline_plan_peak_by_period
exp4|exp4-pool-v1|65lines#2c175dbf6a53,2c175dbf6a539738,107,69,3530948.8544081287,3623928.84460839,88.80052430555554,59.20034953703704,29.60017476851852,59.20034953703704,44.40026215277777,29.60017476851852,926.6141666666667,923.4151851851852,88.7535925925926,390,65,13,True,no block of 8 route-periods moved within 3 ladder rungs of the certified plan improves the objective,2517.1833333333334,b6c647d3766338a6,candidate_own_baseline_plan_peak_by_period
exp4|exp4-pool-v1|65lines#2d37c860663b,2d37c860663b1ab4,166,131,3546467.6207881263,3624361.7295280965,87.91646180555553,58.61097453703704,29.30548726851852,58.61097453703704,43.958230902777764,29.30548726851852,917.3891666666666,914.6721296296297,87.89748148148148,390,65,11,True,no block of 8 route-periods moved within 3 ladder rungs of the certified plan improves the objective,2517.1833333333334,b6c647d3766338a6,candidate_own_baseline_plan_peak_by_period
exp4|exp4-pool-v1|65lines#2e7ca680b95a,2e7ca680b95ae1fb,59,114,3541556.0440852833,3621293.659333718,88.54640624999998,59.03093750000001,29.515468750000004,59.03093750000001,44.27320312499999,29.515468750000004,923.9625000000001,922.1193518518518,88.3041875,390,65,5,True,no block of 8 route-periods moved within 3 ladder rungs of the certified plan improves the objective,2517.1833333333334,b6c647d3766338a6,candidate_own_baseline_plan_peak_by_period
exp4|exp4-pool-v1|65lines#2e7cebf918f4,2e7cebf918f4f90e,94,46,3524635.725701562,3623736.4463558802,89.25445486111109,59.502969907407405,29.751484953703702,59.502969907407405,44.62722743055554,29.751484953703702,931.3508333333333,928.5084259259258,89.13208101851853,390,65,13,True,no block of 8 route-periods moved within 3 ladder rungs of the certified plan improves the objective,2517.1833333333334,b6c647d3766338a6,candidate_own_baseline_plan_peak_by_period
exp4|exp4-pool-v1|65lines#2e91e1000126,2e91e100012607d6,200,85,3535165.607082845,3624528.619536508,88.12953124999999,58.75302083333334,29.37651041666667,58.75302083333334,44.06476562499999,29.37651041666667,919.6125,916.3272685185186,88.08265277777778,390,65,12,True,no block of 8 route-periods moved within 3 ladder rungs of the certified plan improves the objective,2517.1833333333334,b6c647d3766338a6,candidate_own_baseline_plan_peak_by_period
exp4|exp4-pool-v1|65lines#2faa7024f923,2faa7024f92329db,191,129,3545370.53299082,3624501.494504511,87.88307986111109,58.58871990740741,29.294359953703704,58.58871990740741,43.94153993055554,29.294359953703704,917.0408333333335,913.1267592592592,87.7472361111111,390,65,11,True,no block of 8 route-periods moved within 3 ladder rungs of the certified plan improves the objective,2517.1833333333334,b6c647d3766338a6,candidate_own_baseline_plan_peak_by_period
exp4|exp4-pool-v1|65lines#32217e8b5098,32217e8b50987e81,154,11,3517869.507531207,3624292.2947177878,88.6414409722222,59.094293981481485,29.547146990740742,59.094293981481485,44.3207204861111,29.547146990740742,924.9541666666667,922.9935185185186,88.56980555555555,390,65,13,True,no block of 8 route-periods moved within 3 ladder rungs of the certified plan improves the objective,2517.1833333333334,b6c647d3766338a6,candidate_own_baseline_plan_peak_by_period
exp4|exp4-pool-v1|65lines#3302f2af66ee,3302f2af66eee2b5,142,9,3517291.8894720855,3624255.488428054,89.19008680555554,59.46005787037038,29.73002893518519,59.46005787037038,44.59504340277777,29.73002893518519,930.6791666666668,929.0741203703703,89.17664351851853,390,65,13,True,no block of 8 route-periods moved within 3 ladder rungs of the certified plan improves the objective,2517.1833333333334,b6c647d3766338a6,candidate_own_baseline_plan_peak_by_period
exp4|exp4-pool-v1|65lines#34a619e99f21,34a619e99f213b93,74,77,3532601.425937237,3623065.9194889823,89.64864930555554,59.765766203703706,29.882883101851853,59.765766203703706,44.82432465277777,29.882883101851853,935.4641666666666,934.4952777777779,89.61486805555558,390,65,14,True,no block of 8 route-periods moved within 3 ladder rungs of the certified plan improves the objective,2517.1833333333334,b6c647d3766338a6,candidate_own_baseline_plan_peak_by_period
exp4|exp4-pool-v1|65lines#34a94a029519,34a94a029519ca06,10,157,3555795.5608634674,3620201.2520103944,89.1825798611111,59.45505324074075,29.727526620370377,59.45505324074075,44.59128993055555,29.727526620370377,930.6008333333334,928.3990740740742,89.17030787037038,390,65,13,True,no block of 8 route-periods moved within 3 ladder rungs of the certified plan improves the objective,2517.1833333333334,b6c647d3766338a6,candidate_own_baseline_plan_peak_by_period
exp4|exp4-pool-v1|65lines#350c7cf4e725,350c7cf4e725ee2f,51,150,3554415.5565495663,3621194.5851632613,88.93501041666664,59.29000694444446,29.64500347222223,59.29000694444446,44.46750520833332,29.64500347222223,928.0174999999999,925.7203703703703,88.83515740740744,390,65,13,True,no block of 8 route-periods moved within 3 ladder rungs of the certified plan improves the objective,2517.1833333333334,b6c647d3766338a6,candidate_own_baseline_plan_peak_by_period
exp4|exp4-pool-v1|65lines#35bdcdf10790,35bdcdf107906b07,159,52,3526284.7645618827,3624310.776260409,87.86686805555553,58.57791203703704,29.28895601851852,58.57791203703704,43.933434027777764,29.28895601851852,916.8716666666667,912.8766898148149,87.86606944444445,390,65,13,True,no block of 8 route-periods moved within 3 ladder rungs of the certified plan improves the objective,2517.1833333333334,b6c647d3766338a6,candidate_own_baseline_plan_peak_by_period
exp4|exp4-pool-v1|65lines#35e351133d6f,35e351133d6fcafc,128,154,3555289.8561582733,3624099.16978282,89.1718784722222,59.44791898148149,29.723959490740747,59.44791898148149,44.5859392361111,29.723959490740747,930.4891666666667,927.9996296296296,89.02096759259258,390,65,5,True,no block of 8 route-periods moved within 3 ladder rungs of the certified plan improves the objective,2517.1833333333334,b6c647d3766338a6,candidate_own_baseline_plan_peak_by_period
exp4|exp4-pool-v1|65lines#378d65f429e7,378d65f429e74404,22,180,3558571.4054483217,3620719.7996150125,89.62660763888887,59.751071759259275,29.875535879629638,59.751071759259275,44.813303819444435,29.875535879629638,935.2341666666666,933.7786111111111,89.60624305555557,390,65,11,True,no block of 8 route-periods moved within 3 ladder rungs of the certified plan improves the objective,2517.1833333333334,b6c647d3766338a6,candidate_own_baseline_plan_peak_by_period
exp4|exp4-pool-v1|65lines#38518f45ddd8,38518f45ddd8202a,58,115,3541582.676801855,3621282.7750545647,88.96631597222219,59.31087731481483,29.655438657407416,59.31087731481483,44.483157986111095,29.655438657407416,928.3441666666668,926.5750925925926,88.94328935185185,390,65,12,True,no block of 8 route-periods moved within 3 ladder rungs of the certified plan improves the objective,2517.1833333333334,b6c647d3766338a6,candidate_own_baseline_plan_peak_by_period
exp4|exp4-pool-v1|65lines#39e73d78adc3,39e73d78adc3e2e6,69,60,3528223.7656235066,3621593.864609244,89.04745486111109,59.36496990740741,29.682484953703707,59.36496990740741,44.523727430555546,29.682484953703707,929.1908333333333,925.8486574074074,88.87402314814814,390,65,14,True,no block of 8 route-periods moved within 3 ladder rungs of the certified plan improves the objective,2517.1833333333334,b6c647d3766338a6,candidate_own_baseline_plan_peak_by_period
exp4|exp4-pool-v1|65lines#3ad6fb7cee39,3ad6fb7cee39bcee,133,33,3521857.0498714335,3624240.4041927997,89.1164548611111,59.41096990740742,29.70548495370371,59.41096990740742,44.55822743055555,29.70548495370371,929.9108333333334,926.8150925925927,88.87333101851851,390,65,13,True,no block of 8 route-periods moved within 3 ladder rungs of the certified plan improves the objective,2517.1833333333334,b6c647d3766338a6,candidate_own_baseline_plan_peak_by_period
exp4|exp4-pool-v1|65lines#3b8f442dc97b,3b8f442dc97b19a6,14,199,3572954.6377097494,3620229.8796578175,88.68328819444443,59.12219212962964,29.56109606481482,59.12219212962964,44.341644097222215,29.56109606481482,925.3908333333334,924.4307407407407,88.6742638888889,390,65,10,True,no block of 8 route-periods moved within 3 ladder rungs of the certified plan improves the objective,2517.1833333333334,b6c647d3766338a6,candidate_own_baseline_plan_peak_by_period
exp4|exp4-pool-v1|65lines#3c1fab53ae34,3c1fab53ae3402c0,84,139,3549557.30358364,3623474.897816014,88.16722569444443,58.77815046296297,29.389075231481485,58.77815046296297,44.08361284722221,29.389075231481485,920.0058333333334,915.9667129629631,88.09266203703704,390,65,11,True,no block of 8 route-periods moved within 3 ladder rungs of the certified plan improves the objective,2517.1833333333334,b6c647d3766338a6,candidate_own_baseline_plan_peak_by_period
exp4|exp4-pool-v1|65lines#3d18a585b4f3,3d18a585b4f31995,162,118,3541858.2852457305,3624314.671767242,88.75532291666664,59.170215277777785,29.585107638888893,59.170215277777785,44.37766145833332,29.585107638888893,926.1424999999999,923.2896296296296,88.75359259259261,390,65,13,True,no block of 8 route-periods moved within 3 ladder rungs of the certified plan improves the objective,2517.1833333333334,b6c647d3766338a6,candidate_own_baseline_plan_peak_by_period
exp4|exp4-pool-v1|65lines#3d7c9f161672,3d7c9f161672ef26,194,21,3519637.4645075607,3624510.8903469457,89.60121180555554,59.7341412037037,29.86707060185185,59.7341412037037,44.80060590277777,29.86707060185185,934.9691666666666,932.3523611111111,89.57413888888888,390,65,13,True,no block of 8 route-periods moved within 3 ladder rungs of the certified plan improves the objective,2517.1833333333334,b6c647d3766338a6,candidate_own_baseline_plan_peak_by_period
exp4|exp4-pool-v1|65lines#403bb3e801a5,403bb3e801a5fffb,11,168,3556730.28844147,3620202.2654463025,89.1675659722222,59.44504398148149,29.722521990740745,59.44504398148149,44.5837829861111,29.722521990740745,930.4441666666667,926.9594444444444,89.01527083333333,390,65,13,True,no block of 8 route-periods moved within 3 ladder rungs of the certified plan improves the objective,2517.1833333333334,b6c647d3766338a6,candidate_own_baseline_plan_peak_by_period
exp4|exp4-pool-v1|65lines#41a1f3d6358e,41a1f3d6358eb716,80,171,3557437.7620782824,3623460.1257838556,88.0428020833333,58.69520138888889,29.347600694444445,58.69520138888889,44.02140104166665,29.347600694444445,918.7075,913.6739351851852,87.91217592592595,390,65,13,True,no block of 8 route-periods moved within 3 ladder rungs of the certified plan improves the objective,2517.1833333333334,b6c647d3766338a6,candidate_own_baseline_plan_peak_by_period
exp4|exp4-pool-v1|65lines#43b8e5a335f9,43b8e5a335f916c8,120,34,3521896.6164716645,3623999.580510936,87.75657986111109,58.504386574074076,29.252193287037038,58.504386574074076,43.878289930555546,29.252193287037038,915.7208333333333,913.2496759259259,87.71704861111111,390,65,13,True,no block of 8 route-periods moved within 3 ladder rungs of the certified plan improves the objective,2517.1833333333334,b6c647d3766338a6,candidate_own_baseline_plan_peak_by_period
exp4|exp4-pool-v1|65lines#446bd2371357,446bd23713570fe1,68,61,3528401.1111612692,3621564.6347564366,88.97542013888886,59.31694675925927,29.658473379629633,59.31694675925927,44.48771006944443,29.658473379629633,928.4391666666666,926.0150925925926,88.86167129629631,390,65,13,True,no block of 8 route-periods moved within 3 ladder rungs of the certified plan improves the objective,2517.1833333333334,b6c647d3766338a6,candidate_own_baseline_plan_peak_by_period
exp4|exp4-pool-v1|65lines#4ab053a8f77f,4ab053a8f77f9a49,136,26,3520796.314478053,3624247.5037542456,88.88549652777776,59.25699768518518,29.62849884259259,59.25699768518518,44.44274826388888,29.62849884259259,927.5008333333333,925.1792592592592,88.78393981481483,390,65,13,True,no block of 8 route-periods moved within 3 ladder rungs of the certified plan improves the objective,2517.1833333333334,b6c647d3766338a6,candidate_own_baseline_plan_peak_by_period
exp4|exp4-pool-v1|65lines#4bd65460f003,4bd65460f00355ed,92,117,3541825.1648309347,3623697.3659503963,88.60182986111109,59.06788657407408,29.53394328703704,59.06788657407408,44.30091493055554,29.53394328703704,924.5408333333335,922.2270833333332,88.5615,390,65,9,True,no block of 8 route-periods moved within 3 ladder rungs of the certified plan improves the objective,2517.1833333333334,b6c647d3766338a6,candidate_own_baseline_plan_peak_by_period
exp4|exp4-pool-v1|65lines#4c98a9adcbd9,4c98a9adcbd9fadb,149,30,3521651.0790224024,3624268.387816839,88.31912152777777,58.879414351851864,29.439707175925932,58.879414351851864,44.159560763888884,29.439707175925932,921.5908333333334,919.7213888888889,88.12034722222224,390,65,13,True,no block of 8 route-periods moved within 3 ladder rungs of the certified plan improves the objective,2517.1833333333334,b6c647d3766338a6,candidate_own_baseline_plan_peak_by_period
exp4|exp4-pool-v1|65lines#4d8b29db06ed,4d8b29db06ed6113,89,185,3559388.8275483535,3623623.8498277445,88.41607291666665,58.944048611111114,29.472024305555557,58.944048611111114,44.208036458333325,29.472024305555557,922.6025,920.5268518518518,88.28161342592593,390,65,13,True,no block of 8 route-periods moved within 3 ladder rungs of the certified plan improves the objective,2517.1833333333334,b6c647d3766338a6,candidate_own_baseline_plan_peak_by_period
exp4|exp4-pool-v1|65lines#513af2338267,513af233826746a1,20,127,3544945.5508960513,3620645.289526369,88.58665624999998,59.057770833333336,29.528885416666668,59.057770833333336,44.29332812499999,29.528885416666668,924.3825,922.8549074074075,88.48643055555554,390,65,11,True,no block of 8 route-periods moved within 3 ladder rungs of the certified plan improves the objective,2517.1833333333334,b6c647d3766338a6,candidate_own_baseline_plan_peak_by_period
exp4|exp4-pool-v1|65lines#51c9bc9f6cc1,51c9bc9f6cc164c5,72,64,3529479.603780871,3622577.434083837,88.36192708333331,58.90795138888889,29.453975694444445,58.90795138888889,44.18096354166666,29.453975694444445,922.0375,918.605138888889,88.27631597222224,390,65,13,True,no block of 8 route-periods moved within 3 ladder rungs of the certified plan improves the objective,2517.1833333333334,b6c647d3766338a6,candidate_own_baseline_plan_peak_by_period
exp4|exp4-pool-v1|65lines#52d9a64ac9f9,52d9a64ac9f92c70,44,158,3555872.795049601,3621151.0803674944,89.13897569444443,59.42598379629631,29.712991898148154,59.42598379629631,44.56948784722221,29.712991898148154,930.1458333333333,928.1093518518519,89.13314583333334,390,65,13,True,no block of 8 route-periods moved within 3 ladder rungs of the certified plan improves the objective,2517.1833333333334,b6c647d3766338a6,candidate_own_baseline_plan_peak_by_period
exp4|exp4-pool-v1|65lines#531bd9bff013,531bd9bff013b306,167,172,3557619.1592395026,3624366.104072949,88.63089930555553,59.087266203703706,29.543633101851853,59.087266203703706,44.315449652777765,29.543633101851853,924.8441666666668,923.5592592592593,88.61607175925926,390,65,13,True,no block of 8 route-periods moved within 3 ladder rungs of the certified plan improves the objective,2517.1833333333334,b6c647d3766338a6,candidate_own_baseline_plan_peak_by_period
exp4|exp4-pool-v1|65lines#545eb38f4b57,545eb38f4b57bbc3,137,24,3520400.762659103,3624248.395288728,89.19903124999998,59.466020833333346,29.733010416666673,59.466020833333346,44.59951562499999,29.733010416666673,930.7725,929.2345833333334,89.14097222222222,390,65,13,True,no block of 8 route-periods moved within 3 ladder rungs of the certified plan improves the objective,2517.1833333333334,b6c647d3766338a6,candidate_own_baseline_plan_peak_by_period
exp4|exp4-pool-v1|65lines#55a334008898,55a334008898a62a,129,186,3559535.176527525,3624179.767776903,89.22842013888886,59.48561342592593,29.742806712962967,59.48561342592593,44.61421006944443,29.742806712962967,931.0791666666667,927.2102777777777,89.15119444444446,390,65,13,True,no block of 8 route-periods moved within 3 ladder rungs of the certified plan improves the objective,2517.1833333333334,b6c647d3766338a6,candidate_own_baseline_plan_peak_by_period
exp4|exp4-pool-v1|65lines#5667143ddd84,5667143ddd84d060,99,55,3526452.0736292903,3623786.0856222147,87.76552430555553,58.510349537037044,29.255174768518522,58.510349537037044,43.882762152777765,29.255174768518522,915.8141666666667,914.3505555555557,87.76187731481481,390,65,13,True,no block of 8 route-periods moved within 3 ladder rungs of the certified plan improves the objective,2517.1833333333334,b6c647d3766338a6,candidate_own_baseline_plan_peak_by_period
exp4|exp4-pool-v1|65lines#5737f7af14a7,5737f7af14a7df8c,21,144,3551868.3721659225,3620695.314532663,89.8208298611111,59.88055324074075,29.940276620370376,59.88055324074075,44.91041493055555,29.940276620370376,937.2608333333333,935.5031481481482,89.81649074074073,390,65,8,True,no block of 8 route-periods moved within 3 ladder rungs of the certified plan improves the objective,2517.1833333333334,b6c647d3766338a6,candidate_own_baseline_plan_peak_by_period
exp4|exp4-pool-v1|65lines#5743bdb17ada,5743bdb17ada9d9a,4,133,3546994.441600903,3619792.36030602,88.82144791666664,59.21429861111112,29.60714930555556,59.21429861111112,44.41072395833332,29.60714930555556,926.8325,924.4729166666666,88.64327777777778,390,65,7,True,no block of 8 route-periods moved within 3 ladder rungs of the certified plan improves the objective,2517.1833333333334,b6c647d3766338a6,candidate_own_baseline_plan_peak_by_period
exp4|exp4-pool-v1|65lines#57d91472dc28,57d91472dc28a453,40,70,3531072.9581492892,3621139.503667886,89.8538923611111,59.90259490740742,29.95129745370371,59.90259490740742,44.92694618055555,29.95129745370371,937.6058333333333,935.0010185185185,89.84257870370372,390,65,10,True,no block of 8 route-periods moved within 3 ladder rungs of the certified plan improves the objective,2517.1833333333334,b6c647d3766338a6,candidate_own_baseline_plan_peak_by_period
exp4|exp4-pool-v1|65lines#5abe80d13635,5abe80d136353161,88,113,3541542.144081049,3623551.8048735335,87.88803124999997,58.592020833333336,29.296010416666668,58.592020833333336,43.944015624999984,29.296010416666668,917.0925,913.2125,87.85121527777777,390,65,13,True,no block of 8 route-periods moved within 3 ladder rungs of the certified plan improves the objective,2517.1833333333334,b6c647d3766338a6,candidate_own_baseline_plan_peak_by_period
exp4|exp4-pool-v1|65lines#5f963d4bb30f,5f963d4bb30f0965,175,88,3535626.085020342,3624429.0184121924,89.02126041666665,59.34750694444445,29.673753472222224,59.34750694444445,44.510630208333325,29.673753472222224,928.9175,925.6484259259258,88.99892592592593,390,65,12,True,no block of 8 route-periods moved within 3 ladder rungs of the certified plan improves the objective,2517.1833333333334,b6c647d3766338a6,candidate_own_baseline_plan_peak_by_period
exp4|exp4-pool-v1|65lines#6235140c6df3,6235140c6df35bb7,41,57,3526819.5466721836,3621139.503667886,89.86283680555553,59.90855787037037,29.954278935185187,59.90855787037037,44.931418402777766,29.954278935185187,937.6991666666665,934.9556481481482,89.7601087962963,390,65,11,True,no block of 8 route-periods moved within 3 ladder rungs of the certified plan improves the objective,2517.1833333333334,b6c647d3766338a6,candidate_own_baseline_plan_peak_by_period
exp4|exp4-pool-v1|65lines#664850ae34f2,664850ae34f2373d,171,63,3529150.0225031767,3624394.448205972,89.70854513888887,59.80569675925926,29.90284837962963,59.80569675925926,44.85427256944443,29.90284837962963,936.0891666666666,932.0755092592593,89.56370370370371,390,65,11,True,no block of 8 route-periods moved within 3 ladder rungs of the certified plan improves the objective,2517.1833333333334,b6c647d3766338a6,candidate_own_baseline_plan_peak_by_period
exp4|exp4-pool-v1|65lines#68fa9c2f67bd,68fa9c2f67bdc357,57,190,3560943.063565131,3621282.4883384253,88.66811458333332,59.112076388888894,29.556038194444447,59.112076388888894,44.33405729166666,29.556038194444447,925.2325000000001,923.78125,88.55574999999999,390,65,11,True,no block of 8 route-periods moved within 3 ladder rungs of the certified plan improves the objective,2517.1833333333334,b6c647d3766338a6,candidate_own_baseline_plan_peak_by_period
exp4|exp4-pool-v1|65lines#6a40fb5a9de7,6a40fb5a9de7bae8,28,176,3557979.345294234,3621053.0365955476,90.01840624999997,60.012270833333346,30.006135416666673,60.012270833333346,45.009203124999985,30.006135416666673,939.3225,937.6327777777778,89.95459722222223,390,65,13,True,no block of 8 route-periods moved within 3 ladder rungs of the certified plan improves the objective,2517.1833333333334,b6c647d3766338a6,candidate_own_baseline_plan_peak_by_period
exp4|exp4-pool-v1|65lines#6addf085b829,6addf085b8295f88,152,58,3526850.979154984,3624285.1021680813,88.50280208333331,59.00186805555556,29.50093402777778,59.00186805555556,44.251401041666654,29.50093402777778,923.5074999999999,920.6779629629629,88.49436342592593,390,65,13,True,no block of 8 route-periods moved within 3 ladder rungs of the certified plan improves the objective,2517.1833333333334,b6c647d3766338a6,candidate_own_baseline_plan_peak_by_period
exp4|exp4-pool-v1|65lines#6c1e400f1379,6c1e400f1379f186,160,23,3520345.174215813,3624310.776260409,87.8286145833333,58.55240972222222,29.27620486111111,58.55240972222222,43.91430729166665,29.27620486111111,916.4725000000001,914.9329166666666,87.80111574074074,390,65,13,True,no block of 8 route-periods moved within 3 ladder rungs of the certified plan improves the objective,2517.1833333333334,b6c647d3766338a6,candidate_own_baseline_plan_peak_by_period
exp4|exp4-pool-v1|65lines#6dbfed52cb7f,6dbfed52cb7f2ef0,113,53,3526286.83737182,3623942.517386465,88.23798263888887,58.82532175925927,29.412660879629634,58.82532175925927,44.11899131944443,29.412660879629634,920.7441666666666,919.1368055555556,88.23247222222223,390,65,13,True,no block of 8 route-periods moved within 3 ladder rungs of the certified plan improves the objective,2517.1833333333334,b6c647d3766338a6,candidate_own_baseline_plan_peak_by_period
exp4|exp4-pool-v1|65lines#7272b2b37260,7272b2b3726053f4,144,66,3530593.9107907843,3624258.738180108,88.42917013888886,58.952780092592604,29.476390046296302,58.952780092592604,44.21458506944443,29.476390046296302,922.7391666666667,920.1800462962963,88.39810416666666,390,65,14,True,no block of 8 route-periods moved within 3 ladder rungs of the certified plan improves the objective,2517.1833333333334,b6c647d3766338a6,candidate_own_baseline_plan_peak_by_period
exp4|exp4-pool-v1|65lines#72a13b9cf627,72a13b9cf6278a25,155,22,3519691.6552823456,3624292.2947177878,88.64399652777776,59.095997685185196,29.547998842592598,59.095997685185196,44.32199826388888,29.547998842592598,924.9808333333333,923.3361574074074,88.55857175925927,390,65,13,True,no block of 8 route-periods moved within 3 ladder rungs of the certified plan improves the objective,2517.1833333333334,b6c647d3766338a6,candidate_own_baseline_plan_peak_by_period
exp4|exp4-pool-v1|65lines#73b1c71b41fc,73b1c71b41fc976b,64,151,3554963.4247760726,3621542.4722040794,89.14408680555553,59.429391203703716,29.714695601851858,59.429391203703716,44.572043402777766,29.714695601851858,930.1991666666667,927.6193518518519,89.09848611111111,390,65,13,True,no block of 8 route-periods moved within 3 ladder rungs of the certified plan improves the objective,2517.1833333333334,b6c647d3766338a6,candidate_own_baseline_plan_peak_by_period
exp4|exp4-pool-v1|65lines#74ebd8d603b8,74ebd8d603b8663c,178,130,3545819.584213311,3624436.522160516,89.27378124999998,59.515854166666685,29.757927083333342,59.515854166666685,44.63689062499999,29.757927083333342,931.5525,929.2058796296297,89.2129537037037,390,65,12,True,no block of 8 route-periods moved within 3 ladder rungs of the certified plan improves the objective,2517.1833333333334,b6c647d3766338a6,candidate_own_baseline_plan_peak_by_period
exp4|exp4-pool-v1|65lines#7a7459722327,7a74597223275320,9,170,3556768.5210943776,3620199.331809458,88.98148958333331,59.32099305555556,29.66049652777778,59.32099305555556,44.49074479166666,29.66049652777778,928.5025,924.170925925926,88.90634027777779,390,65,13,True,no block of 8 route-periods moved within 3 ladder rungs of the certified plan improves the objective,2517.1833333333334,b6c647d3766338a6,candidate_own_baseline_plan_peak_by_period
exp4|exp4-pool-v1|65lines#7aee66b501d2,7aee66b501d2dc0a,45,138,3548672.5145278904,3621151.0803674944,89.16660763888886,59.4444050925926,29.7222025462963,59.4444050925926,44.58330381944443,29.7222025462963,930.4341666666667,927.8547222222221,89.1472013888889,390,65,12,True,no block of 8 route-periods moved within 3 ladder rungs of the certified plan improves the objective,2517.1833333333334,b6c647d3766338a6,candidate_own_baseline_plan_peak_by_period
exp4|exp4-pool-v1|65lines#7b63053f84be,7b63053f84be46bf,77,165,3556526.138053657,3623453.1195339626,87.93163541666664,58.62109027777778,29.31054513888889,58.62109027777778,43.96581770833332,29.31054513888889,917.5475,913.8506018518519,87.80260648148148,390,65,14,True,no block of 8 route-periods moved within 3 ladder rungs of the certified plan improves the objective,2517.1833333333334,b6c647d3766338a6,candidate_own_baseline_plan_peak_by_period
exp4|exp4-pool-v1|65lines#7bf46b9b2e0a,7bf46b9b2e0a2154,138,94,3537166.8640556494,3624248.5656893393,89.20669791666664,59.47113194444445,29.735565972222226,59.47113194444445,44.60334895833332,29.735565972222226,930.8525,926.0533796296297,89.17030787037038,390,65,13,True,no block of 8 route-periods moved within 3 ladder rungs of the certified plan improves the objective,2517.1833333333334,b6c647d3766338a6,candidate_own_baseline_plan_peak_by_period
exp4|exp4-pool-v1|65lines#7c4bb6f4daa0,7c4bb6f4daa0f0e2,36,197,3569813.094803188,3621122.158830025,89.68267013888887,59.78844675925927,29.894223379629636,59.78844675925927,44.84133506944443,29.894223379629636,935.8191666666667,931.6126851851851,89.65048611111112,390,65,10,True,no block of 8 route-periods moved within 3 ladder rungs of the certified plan improves the objective,2517.1833333333334,b6c647d3766338a6,candidate_own_baseline_plan_peak_by_period
exp4|exp4-pool-v1|65lines#7df991b36df1,7df991b36df133bc,134,16,3518829.6042736974,3624240.4041927997,89.12539930555553,59.416932870370374,29.708466435185187,59.416932870370374,44.562699652777766,29.708466435185187,930.0041666666666,927.2554166666666,89.11940972222223,390,65,13,True,no block of 8 route-periods moved within 3 ladder rungs of the certified plan improves the objective,2517.1833333333334,b6c647d3766338a6,candidate_own_baseline_plan_peak_by_period
exp4|exp4-pool-v1|65lines#80a5c289e861,80a5c289e861e779,33,13,3518623.2771183895,3621095.364632346,89.25477430555554,59.50318287037038,29.75159143518519,59.50318287037038,44.62738715277777,29.75159143518519,931.3541666666667,929.7569444444446,89.23952083333333,390,65,13,True,no block of 8 route-periods moved within 3 ladder rungs of the certified plan improves the objective,2517.1833333333334,b6c647d3766338a6,candidate_own_baseline_plan_peak_by_period
exp4|exp4-pool-v1|65lines#81d9a2f8c376,81d9a2f8c3765ff9,73,14,3518745.4973229477,3622764.10262257,88.63409374999998,59.08939583333334,29.54469791666667,59.08939583333334,44.31704687499999,29.54469791666667,924.8775,923.2823148148148,88.50740740740743,390,65,11,True,no block of 8 route-periods moved within 3 ladder rungs of the certified plan improves the objective,2517.1833333333334,b6c647d3766338a6,candidate_own_baseline_plan_peak_by_period
exp4|exp4-pool-v1|65lines#84edb6cc540a,84edb6cc540a8735,46,112,3541407.013493171,3621163.675709026,89.16740624999998,59.44493750000001,29.722468750000004,59.44493750000001,44.58370312499999,29.722468750000004,930.4425000000001,926.8194444444445,89.08938194444444,390,65,11,True,no block of 8 route-periods moved within 3 ladder rungs of the certified plan improves the objective,2517.1833333333334,b6c647d3766338a6,candidate_own_baseline_plan_peak_by_period
exp4|exp4-pool-v1|65lines#86a580516347,86a580516347ac35,32,156,3555714.7582296473,3621090.801210042,89.41848958333331,59.6123263888889,29.80616319444445,59.6123263888889,44.709244791666656,29.80616319444445,933.0625,928.5890740740741,89.40898611111112,390,65,13,True,no block of 8 route-periods moved within 3 ladder rungs of the certified plan improves the objective,2517.1833333333334,b6c647d3766338a6,candidate_own_baseline_plan_peak_by_period
exp4|exp4-pool-v1|65lines#8965c4f852d3,8965c4f852d3181b,176,195,3566495.7658477854,3624429.45101563,89.39261458333331,59.5950763888889,29.79753819444445,59.5950763888889,44.696307291666656,29.79753819444445,932.7925,931.1694444444445,89.38633217592593,390,65,8,True,no block of 8 route-periods moved within 3 ladder rungs of the certified plan improves the objective,2517.1833333333334,b6c647d3766338a6,candidate_own_baseline_plan_peak_by_period
exp4|exp4-pool-v1|65lines#89afcb1d01e0,89afcb1d01e0b7c6,177,86,3535431.354088397,3624433.392550507,88.83007291666665,59.22004861111111,29.610024305555555,59.22004861111111,44.415036458333326,29.610024305555555,926.9224999999999,925.2394907407407,88.5600625,390,65,10,True,no block of 8 route-periods moved within 3 ladder rungs of the certified plan improves the objective,2517.1833333333334,b6c647d3766338a6,candidate_own_baseline_plan_peak_by_period
exp4|exp4-pool-v1|65lines#8c0b07ffccb1,8c0b07ffccb1933a,173,122,3542490.506115995,3624414.0193693438,89.2653159722222,59.51021064814816,29.75510532407408,59.51021064814816,44.6326579861111,29.75510532407408,931.4641666666666,928.8212962962964,89.24905092592594,390,65,13,True,no block of 8 route-periods moved within 3 ladder rungs of the certified plan improves the objective,2517.1833333333334,b6c647d3766338a6,candidate_own_baseline_plan_peak_by_period
exp4|exp4-pool-v1|65lines#8c311773cbae,8c311773cbaeb5a7,82,179,3558449.9415374077,3623466.1199475024,88.19741319444442,58.79827546296296,29.39913773148148,58.79827546296296,44.09870659722221,29.39913773148148,920.3208333333334,917.0513888888889,88.16709259259258,390,65,13,True,no block of 8 route-periods moved within 3 ladder rungs of the certified plan improves the objective,2517.1833333333334,b6c647d3766338a6,candidate_own_baseline_plan_peak_by_period
exp4|exp4-pool-v1|65lines#8cfbb9f72c54,8cfbb9f72c5422c8,18,187,3559585.5382667636,3620295.1626727884,88.48714930555553,58.991432870370375,29.495716435185187,58.991432870370375,44.24357465277777,29.495716435185187,923.3441666666668,921.8694444444444,88.48302314814815,390,65,13,True,no block of 8 route-periods moved within 3 ladder rungs of the certified plan improves the objective,2517.1833333333334,b6c647d3766338a6,candidate_own_baseline_plan_peak_by_period
exp4|exp4-pool-v1|65lines#8fb185fb9c9a,8fb185fb9c9ad37c,146,105,3540079.646895731,3624265.520851524,88.20028819444443,58.800192129629636,29.400096064814818,58.800192129629636,44.10014409722221,29.400096064814818,920.3508333333334,917.2390277777778,88.07386805555556,390,65,13,True,no block of 8 route-periods moved within 3 ladder rungs of the certified plan improves the objective,2517.1833333333334,b6c647d3766338a6,candidate_own_baseline_plan_peak_by_period
exp4|exp4-pool-v1|65lines#8fd2f5289ecc,8fd2f5289ecc1815,2,198,3572638.0042001065,3619307.681741288,90.01441319444443,60.009608796296305,30.004804398148153,60.009608796296305,45.007206597222215,30.004804398148153,939.2808333333332,937.6492592592593,89.9728587962963,390,65,5,True,no block of 8 route-periods moved within 3 ladder rungs of the certified plan improves the objective,2517.1833333333334,b6c647d3766338a6,candidate_own_baseline_plan_peak_by_period
exp4|exp4-pool-v1|65lines#90da3ba5b732,90da3ba5b73288bd,181,175,3557974.2579127834,3624451.6640657056,89.5088923611111,59.672594907407415,29.836297453703708,59.672594907407415,44.75444618055555,29.836297453703708,934.0058333333334,930.282962962963,89.34877083333336,390,65,12,True,no block of 8 route-periods moved within 3 ladder rungs of the certified plan improves the objective,2517.1833333333334,b6c647d3766338a6,candidate_own_baseline_plan_peak_by_period
exp4|exp4-pool-v1|65lines#931442c18c27,931442c18c27aada,187,123,3543799.120555865,3624491.5153699657,88.15205208333332,58.768034722222225,29.384017361111113,58.768034722222225,44.07602604166666,29.384017361111113,919.8475000000001,915.608287037037,88.14638194444444,390,65,9,True,no block of 8 route-periods moved within 3 ladder rungs of the certified plan improves the objective,2517.1833333333334,b6c647d3766338a6,candidate_own_baseline_plan_peak_by_period
exp4|exp4-pool-v1|65lines#935195e7e6a8,935195e7e6a80d84,1,196,3569059.414066893,3618778.096082161,89.01503124999998,59.34335416666667,29.671677083333336,59.34335416666667,44.50751562499999,29.671677083333336,928.8525,924.1025925925926,89.00329166666667,390,65,5,True,no block of 8 route-periods moved within 3 ladder rungs of the certified plan improves the objective,2517.1833333333334,b6c647d3766338a6,candidate_own_baseline_plan_peak_by_period
exp4|exp4-pool-v1|65lines#96485eb1a98e,96485eb1a98e2064,108,200,3591198.383597282,3623933.9963145573,88.13480208333331,58.75653472222223,29.378267361111114,58.75653472222223,44.067401041666656,29.378267361111114,919.6675,915.1150462962963,87.97324305555554,390,65,11,True,no block of 8 route-periods moved within 3 ladder rungs of the certified plan improves the objective,2517.1833333333334,b6c647d3766338a6,candidate_own_baseline_plan_peak_by_period
exp4|exp4-pool-v1|65lines#98054c48fe48,98054c48fe4844cf,195,8,3516886.3548730505,3624520.3950452176,89.04122569444442,59.36081712962964,29.68040856481482,59.36081712962964,44.52061284722221,29.68040856481482,929.1258333333334,926.100462962963,88.93620833333331,390,65,13,True,no block of 8 route-periods moved within 3 ladder rungs of the certified plan improves the objective,2517.1833333333334,b6c647d3766338a6,candidate_own_baseline_plan_peak_by_period
exp4|exp4-pool-v1|65lines#98561192a965,98561192a965eeef,172,189,3560021.4441423537,3624397.0948593793,89.04170486111109,59.36113657407408,29.68056828703704,59.36113657407408,44.52085243055554,29.68056828703704,929.1308333333334,928.0001851851853,88.98172916666667,390,65,14,True,no block of 8 route-periods moved within 3 ladder rungs of the certified plan improves the objective,2517.1833333333334,b6c647d3766338a6,candidate_own_baseline_plan_peak_by_period
exp4|exp4-pool-v1|65lines#995f117521b9,995f117521b9424e,126,39,3523751.54951432,3624021.2323215064,87.65379861111109,58.43586574074075,29.217932870370376,58.43586574074075,43.82689930555554,29.217932870370376,914.6483333333333,912.8653472222221,87.57297916666666,390,65,13,True,no block of 8 route-periods moved within 3 ladder rungs of the certified plan improves the objective,2517.1833333333334,b6c647d3766338a6,candidate_own_baseline_plan_peak_by_period
exp4|exp4-pool-v1|65lines#99c5d391c164,99c5d391c164dc82,52,71,3531144.8138507344,3621197.72261844,90.27332291666664,60.182215277777786,30.091107638888893,60.182215277777786,45.13666145833332,30.091107638888893,941.9825000000001,939.6504166666667,90.06757407407407,390,65,10,True,no block of 8 route-periods moved within 3 ladder rungs of the certified plan improves the objective,2517.1833333333334,b6c647d3766338a6,candidate_own_baseline_plan_peak_by_period
exp4|exp4-pool-v1|65lines#9a48db1b4458,9a48db1b44587ffe,188,152,3554972.1665011737,3624498.3968326813,89.70934374999997,59.80622916666668,29.90311458333334,59.80622916666668,44.85467187499999,29.90311458333334,936.0975000000001,933.4379166666668,89.67055787037039,390,65,7,True,no block of 8 route-periods moved within 3 ladder rungs of the certified plan improves the objective,2517.1833333333334,b6c647d3766338a6,candidate_own_baseline_plan_peak_by_period
exp4|exp4-pool-v1|65lines#9abcf4130fd7,9abcf4130fd764dc,56,95,3537286.0144431493,3621274.432437859,89.15239236111108,59.434928240740746,29.717464120370373,59.434928240740746,44.57619618055554,29.717464120370373,930.2858333333334,926.7480555555555,89.06957638888888,390,65,13,True,no block of 8 route-periods moved within 3 ladder rungs of the certified plan improves the objective,2517.1833333333334,b6c647d3766338a6,candidate_own_baseline_plan_peak_by_period
exp4|exp4-pool-v1|65lines#9c453324e080,9c453324e0806d26,71,136,3548258.0436559813,3621943.770855251,88.46446874999998,58.976312500000006,29.488156250000003,58.976312500000006,44.23223437499999,29.488156250000003,923.1075000000001,920.4987037037038,88.21777777777778,390,65,12,True,no block of 8 route-periods moved within 3 ladder rungs of the certified plan improves the objective,2517.1833333333334,b6c647d3766338a6,candidate_own_baseline_plan_peak_by_period
exp4|exp4-pool-v1|65lines#a0f74ef83923,a0f74ef83923b3f3,184,72,3531302.515422671,3624489.3204563875,89.77658680555554,59.85105787037038,29.92552893518519,59.85105787037038,44.88829340277777,29.92552893518519,936.7991666666667,933.7499537037037,89.66528703703705,390,65,10,True,no block of 8 route-periods moved within 3 ladder rungs of the certified plan improves the objective,2517.1833333333334,b6c647d3766338a6,candidate_own_baseline_plan_peak_by_period
exp4|exp4-pool-v1|65lines#a2f5fd540ba7,a2f5fd540ba7f752,53,162,3556255.6678202907,3621212.463252944,88.76378819444442,59.17585879629631,29.587929398148155,59.17585879629631,44.38189409722221,29.587929398148155,926.2308333333333,918.110925925926,88.65765277777777,390,65,13,True,no block of 8 route-periods moved within 3 ladder rungs of the certified plan improves the objective,2517.1833333333334,b6c647d3766338a6,candidate_own_baseline_plan_peak_by_period
exp4|exp4-pool-v1|65lines#a52e297e84b2,a52e297e84b24ee6,104,96,3537296.2632371094,3623917.3454791717,89.4686423611111,59.645761574074086,29.822880787037043,59.645761574074086,44.73432118055555,29.822880787037043,933.5858333333333,928.4413425925927,89.40009490740742,390,65,13,True,no block of 8 route-periods moved within 3 ladder rungs of the certified plan improves the objective,2517.1833333333334,b6c647d3766338a6,candidate_own_baseline_plan_peak_by_period
exp4|exp4-pool-v1|65lines#a5fae152436b,a5fae152436b5a1b,110,20,3519338.2787365755,3623935.1931554354,89.06087152777776,59.373914351851866,29.686957175925933,59.373914351851866,44.53043576388888,29.686957175925933,929.3308333333334,927.0891666666665,88.99562499999999,390,65,13,True,no block of 8 route-periods moved within 3 ladder rungs of the certified plan improves the objective,2517.1833333333334,b6c647d3766338a6,candidate_own_baseline_plan_peak_by_period
exp4|exp4-pool-v1|65lines#a9687a8f6146,a9687a8f614654fb,185,108,3540784.281940028,3624489.978677667,88.18223958333331,58.78815972222222,29.39407986111111,58.78815972222222,44.09111979166666,29.39407986111111,920.1625,915.7730555555556,88.17316203703705,390,65,11,True,no block of 8 route-periods moved within 3 ladder rungs of the certified plan improves the objective,2517.1833333333334,b6c647d3766338a6,candidate_own_baseline_plan_peak_by_period
exp4|exp4-pool-v1|65lines#ab7e78e194ba,ab7e78e194bae9ef,130,84,3535150.3010122306,3624218.173592635,89.54227430555554,59.694849537037044,29.847424768518522,59.694849537037044,44.77113715277777,29.847424768518522,934.3541666666667,931.9664814814815,89.50631018518519,390,65,13,True,no block of 8 route-periods moved within 3 ladder rungs of the certified plan improves the objective,2517.1833333333334,b6c647d3766338a6,candidate_own_baseline_plan_peak_by_period
exp4|exp4-pool-v1|65lines#ac9267f1a2ef,ac9267f1a2ef4f6f,42,142,3551125.224358304,3621147.026154408,88.93101736111109,59.287344907407416,29.643672453703708,59.287344907407416,44.465508680555544,29.643672453703708,927.9758333333333,926.1899074074074,88.82578703703705,390,65,13,True,no block of 8 route-periods moved within 3 ladder rungs of the certified plan improves the objective,2517.1833333333334,b6c647d3766338a6,candidate_own_baseline_plan_peak_by_period
exp4|exp4-pool-v1|65lines#aeef8ff78bd1,aeef8ff78bd192dd,111,194,3564724.3941063103,3623935.4271929627,88.17968402777775,58.78645601851852,29.39322800925926,58.78645601851852,44.08984201388888,29.39322800925926,920.1358333333334,915.4920833333333,88.05528703703703,390,65,11,True,no block of 8 route-periods moved within 3 ladder rungs of the certified plan improves the objective,2517.1833333333334,b6c647d3766338a6,candidate_own_baseline_plan_peak_by_period
exp4|exp4-pool-v1|65lines#afa2c72be006,afa2c72be0066c9b,193,79,3534434.337091273,3624505.293175509,88.55055902777775,59.03370601851853,29.516853009259265,59.03370601851853,44.275279513888876,29.516853009259265,924.0058333333333,923.5045833333334,88.54526157407409,390,65,10,True,no block of 8 route-periods moved within 3 ladder rungs of the certified plan improves the objective,2517.1833333333334,b6c647d3766338a6,candidate_own_baseline_plan_peak_by_period
exp4|exp4-pool-v1|65lines#b14349a05c65,b14349a05c6509f9,34,91,3536392.6914285184,3621097.10920144,90.26932986111109,60.17955324074076,30.08977662037038,60.17955324074076,45.134664930555545,30.08977662037038,941.9408333333333,939.1500925925925,90.21845833333333,390,65,13,True,no block of 8 route-periods moved within 3 ladder rungs of the certified plan improves the objective,2517.1833333333334,b6c647d3766338a6,candidate_own_baseline_plan_peak_by_period
exp4|exp4-pool-v1|65lines#b238cac2845e,b238cac2845e03e2,90,18,3519034.7204397647,3623633.216709827,88.71235763888886,59.141571759259264,29.570785879629632,59.141571759259264,44.35617881944443,29.570785879629632,925.6941666666667,923.4847685185185,88.59727777777778,390,65,14,True,no block of 8 route-periods moved within 3 ladder rungs of the certified plan improves the objective,2517.1833333333334,b6c647d3766338a6,candidate_own_baseline_plan_peak_by_period
exp4|exp4-pool-v1|65lines#b29253eb2d98,b29253eb2d98694b,48,121,3542394.488278728,3621180.6100092013,89.4191284722222,59.61275231481483,29.806376157407414,59.61275231481483,44.7095642361111,29.806376157407414,933.0691666666667,931.8150925925926,89.3453101851852,390,65,13,True,no block of 8 route-periods moved within 3 ladder rungs of the certified plan improves the objective,2517.1833333333334,b6c647d3766338a6,candidate_own_baseline_plan_peak_by_period
exp4|exp4-pool-v1|65lines#b2b43dbb7034,b2b43dbb70349efb,24,80,3534548.3946819203,3620866.5484104757,88.80627430555553,59.204182870370374,29.602091435185187,59.204182870370374,44.40313715277777,29.602091435185187,926.6741666666667,923.2076851851853,88.777125,390,65,8,True,no block of 8 route-periods moved within 3 ladder rungs of the certified plan improves the objective,2517.1833333333334,b6c647d3766338a6,candidate_own_baseline_plan_peak_by_period
exp4|exp4-pool-v1|65lines#b32a8b775c2b,b32a8b775c2b0b1f,70,78,3534412.4273298313,3621676.3763293587,88.64926736111109,59.09951157407407,29.549755787037036,59.09951157407407,44.32463368055554,29.549755787037036,925.0358333333334,923.0825,88.62171527777778,390,65,13,True,no block of 8 route-periods moved within 3 ladder rungs of the certified plan improves the objective,2517.1833333333334,b6c647d3766338a6,candidate_own_baseline_plan_peak_by_period
exp4|exp4-pool-v1|65lines#b334833266db,b334833266db8045,47,159,3555911.108488937,3621176.1405262207,89.19679513888886,59.46453009259261,29.732265046296305,59.46453009259261,44.59839756944443,29.732265046296305,930.7491666666667,928.1676851851852,89.16668750000001,390,65,13,True,no block of 8 route-periods moved within 3 ladder rungs of the certified plan improves the objective,2517.1833333333334,b6c647d3766338a6,candidate_own_baseline_plan_peak_by_period
exp4|exp4-pool-v1|65lines#b3c43fb8ccb1,b3c43fb8ccb127c2,6,167,3556726.2550695604,3620081.842334745,88.93293402777775,59.2886226851852,29.6443113425926,59.2886226851852,44.466467013888874,29.6443113425926,927.9958333333334,924.6274074074074,88.93109722222223,390,65,13,True,no block of 8 route-periods moved within 3 ladder rungs of the certified plan improves the objective,2517.1833333333334,b6c647d3766338a6,candidate_own_baseline_plan_peak_by_period
exp4|exp4-pool-v1|65lines#baed41dfdd6e,baed41dfdd6ed7d4,12,103,3538747.261495213,3620206.8800558466,89.04985069444442,59.366567129629644,29.683283564814822,59.366567129629644,44.52492534722221,29.683283564814822,929.2158333333334,927.9681944444445,88.94493981481482,390,65,13,True,no block of 8 route-periods moved within 3 ladder rungs of the certified plan improves the objective,2517.1833333333334,b6c647d3766338a6,candidate_own_baseline_plan_peak_by_period
exp4|exp4-pool-v1|65lines#bb6abbbb8add,bb6abbbb8add969d,37,147,3553126.281504131,3621125.3068879624,88.89763541666665,59.26509027777779,29.632545138888894,59.26509027777779,44.44881770833332,29.632545138888894,927.6275,918.635,88.8220601851852,390,65,13,True,no block of 8 route-periods moved within 3 ladder rungs of the certified plan improves the objective,2517.1833333333334,b6c647d3766338a6,candidate_own_baseline_plan_peak_by_period
exp4|exp4-pool-v1|65lines#be27a31e5ddf,be27a31e5ddf1b19,127,43,3524204.4675950753,3624021.2323215064,87.64740972222219,58.431606481481495,29.215803240740748,58.431606481481495,43.823704861111096,29.215803240740748,914.5816666666667,912.7961805555556,87.50658796296297,390,65,13,True,no block of 8 route-periods moved within 3 ladder rungs of the certified plan improves the objective,2517.1833333333334,b6c647d3766338a6,candidate_own_baseline_plan_peak_by_period
exp4|exp4-pool-v1|65lines#be9b37534398,be9b37534398669f,86,183,3559163.9067960046,3623475.4933996187,87.93562847222219,58.62375231481482,29.31187615740741,58.62375231481482,43.967814236111096,29.31187615740741,917.5891666666666,910.7924074074074,87.75644675925928,390,65,13,True,no block of 8 route-periods moved within 3 ladder rungs of the certified plan improves the objective,2517.1833333333334,b6c647d3766338a6,candidate_own_baseline_plan_peak_by_period
exp4|exp4-pool-v1|65lines#c053fafadb97,c053fafadb97da92,25,153,3555039.6516065765,3620928.183814434,89.04218402777775,59.36145601851854,29.68072800925927,59.36145601851854,44.521092013888875,29.68072800925927,929.1358333333333,927.8381481481482,88.84777546296296,390,65,13,True,no block of 8 route-periods moved within 3 ladder rungs of the certified plan improves the objective,2517.1833333333334,b6c647d3766338a6,candidate_own_baseline_plan_peak_by_period
exp4|exp4-pool-v1|65lines#c374c87023ef,c374c87023ef1e23,101,143,3551680.424608961,3623842.501137904,89.6936909722222,59.795793981481495,29.897896990740747,59.795793981481495,44.8468454861111,29.897896990740747,935.9341666666667,932.7225000000001,89.62871064814814,390,65,13,True,no block of 8 route-periods moved within 3 ladder rungs of the certified plan improves the objective,2517.1833333333334,b6c647d3766338a6,candidate_own_baseline_plan_peak_by_period
exp4|exp4-pool-v1|65lines#c39c36214499,c39c3621449962bb,114,27,3520858.7430317807,3623945.840103859,88.32551041666665,58.88367361111112,29.44183680555556,58.88367361111112,44.16275520833332,29.44183680555556,921.6575,918.6486574074074,88.31904166666666,390,65,11,True,no block of 8 route-periods moved within 3 ladder rungs of the certified plan improves the objective,2517.1833333333334,b6c647d3766338a6,candidate_own_baseline_plan_peak_by_period
exp4|exp4-pool-v1|65lines#c48ea2959f6c,c48ea2959f6cba22,78,160,3556164.037347535,3623457.968094167,88.1447048611111,58.76313657407408,29.38156828703704,58.76313657407408,44.07235243055555,29.38156828703704,919.7708333333334,916.4738888888888,88.14318750000001,390,65,13,True,no block of 8 route-periods moved within 3 ladder rungs of the certified plan improves the objective,2517.1833333333334,b6c647d3766338a6,candidate_own_baseline_plan_peak_by_period
exp4|exp4-pool-v1|65lines#c625281e02c8,c625281e02c8b8cd,61,116,3541607.497857264,3621336.2454391685,88.47197569444442,58.98131712962963,29.490658564814815,58.98131712962963,44.23598784722221,29.490658564814815,923.1858333333334,918.3015740740741,88.35444675925926,390,65,11,True,no block of 8 route-periods moved within 3 ladder rungs of the certified plan improves the objective,2517.1833333333334,b6c647d3766338a6,candidate_own_baseline_plan_peak_by_period
exp4|exp4-pool-v1|65lines#c6824140fb68,c6824140fb687887,197,97,3537381.6987630967,3624526.886537483,89.6908159722222,59.79387731481482,29.89693865740741,59.79387731481482,44.8454079861111,29.89693865740741,935.9041666666667,932.0950462962963,89.61289814814815,390,65,13,True,no block of 8 route-periods moved within 3 ladder rungs of the certified plan improves the objective,2517.1833333333334,b6c647d3766338a6,candidate_own_baseline_plan_peak_by_period
exp4|exp4-pool-v1|65lines#c85f68507f8c,c85f68507f8c1e16,158,7,3516382.150912489,3624307.4671349158,88.63505208333332,59.09003472222223,29.545017361111114,59.09003472222223,44.31752604166666,29.545017361111114,924.8875,922.7165740740741,88.63209722222223,390,65,13,True,no block of 8 route-periods moved within 3 ladder rungs of the certified plan improves the objective,2517.1833333333334,b6c647d3766338a6,candidate_own_baseline_plan_peak_by_period
exp4|exp4-pool-v1|65lines#ca20041516cf,ca20041516cf83ee,87,161,3556178.440524822,3623475.4933996187,87.8982534722222,58.59883564814815,29.299417824074077,58.59883564814815,43.9491267361111,29.299417824074077,917.1991666666668,912.384537037037,87.8818287037037,390,65,13,True,no block of 8 route-periods moved within 3 ladder rungs of the certified plan improves the objective,2517.1833333333334,b6c647d3766338a6,candidate_own_baseline_plan_peak_by_period
exp4|exp4-pool-v1|65lines#ceab9279540c,ceab9279540cf1b8,55,93,3537145.5246466636,3621268.630277183,89.00385069444442,59.33590046296297,29.667950231481484,59.33590046296297,44.50192534722221,29.667950231481484,928.7358333333334,926.318888888889,88.97645833333334,390,65,13,True,no block of 8 route-periods moved within 3 ladder rungs of the certified plan improves the objective,2517.1833333333334,b6c647d3766338a6,candidate_own_baseline_plan_peak_by_period
exp4|exp4-pool-v1|65lines#cee061c4de90,cee061c4de90241e,66,111,3541395.1856340906,3621552.388674057,89.56096180555554,59.707307870370386,29.853653935185193,59.707307870370386,44.78048090277777,29.853653935185193,934.5491666666667,931.9297685185186,89.51802314814815,390,65,14,True,no block of 8 route-periods moved within 3 ladder rungs of the certified plan improves the objective,2517.1833333333334,b6c647d3766338a6,candidate_own_baseline_plan_peak_by_period
exp4|exp4-pool-v1|65lines#d10361d1b34d,d10361d1b34dd71c,182,184,3559334.9352493696,3624463.749611057,89.9323159722222,59.95487731481482,29.97743865740741,59.95487731481482,44.9661579861111,29.97743865740741,938.4241666666667,936.6649074074074,89.92345138888889,390,65,13,True,no block of 8 route-periods moved within 3 ladder rungs of the certified plan improves the objective,2517.1833333333334,b6c647d3766338a6,candidate_own_baseline_plan_peak_by_period
exp4|exp4-pool-v1|65lines#d108352c408e,d108352c408e43c5,189,134,3547029.89810057,3624499.807816357,87.74923263888886,58.49948842592593,29.249744212962966,58.49948842592593,43.87461631944443,29.249744212962966,915.6441666666667,912.4958333333333,87.7328611111111,390,65,11,True,no block of 8 route-periods moved within 3 ladder rungs of the certified plan improves the objective,2517.1833333333334,b6c647d3766338a6,candidate_own_baseline_plan_peak_by_period
exp4|exp4-pool-v1|65lines#d1f8d2497954,d1f8d249795468a3,199,3,3514611.1823909655,3624527.721223027,89.36610069444443,59.57740046296297,29.788700231481485,59.57740046296297,44.68305034722221,29.788700231481485,932.5158333333334,930.0356481481481,89.01771990740743,390,65,14,True,no block of 8 route-periods moved within 3 ladder rungs of the certified plan improves the objective,2517.1833333333334,b6c647d3766338a6,candidate_own_baseline_plan_peak_by_period
exp4|exp4-pool-v1|65lines#d451584c40c6,d451584c40c6acf6,115,193,3562761.832795983,3623949.0973270168,88.29947569444442,58.866317129629635,29.433158564814818,58.866317129629635,44.14973784722221,29.433158564814818,921.3858333333333,917.4902777777777,88.24934953703703,390,65,3,True,no block of 8 route-periods moved within 3 ladder rungs of the certified plan improves the objective,2517.1833333333334,b6c647d3766338a6,candidate_own_baseline_plan_peak_by_period
exp4|exp4-pool-v1|65lines#d57d1794e8c7,d57d1794e8c7e007,83,177,3557994.2593762907,3623466.52553871,88.41910763888886,58.94607175925927,29.473035879629634,58.94607175925927,44.20955381944443,29.473035879629634,922.6341666666667,919.0444444444445,88.31249305555555,390,65,14,True,no block of 8 route-periods moved within 3 ladder rungs of the certified plan improves the objective,2517.1833333333334,b6c647d3766338a6,candidate_own_baseline_plan_peak_by_period
exp4|exp4-pool-v1|65lines#d6f401185657,d6f401185657ed73,118,50,3525178.398560694,3623991.4770318232,88.12881249999998,58.75254166666667,29.376270833333336,58.75254166666667,44.06440624999999,29.376270833333336,919.605,916.7305324074073,88.11172222222221,390,65,13,True,no block of 8 route-periods moved within 3 ladder rungs of the certified plan improves the objective,2517.1833333333334,b6c647d3766338a6,candidate_own_baseline_plan_peak_by_period
exp4|exp4-pool-v1|65lines#d8ce37fb32b7,d8ce37fb32b7501e,62,99,3537827.6564453985,3621457.9243793353,89.41066319444442,59.607108796296316,29.803554398148158,59.607108796296316,44.70533159722221,29.803554398148158,932.9808333333333,931.5393981481482,89.39647453703705,390,65,14,True,no block of 8 route-periods moved within 3 ladder rungs of the certified plan improves the objective,2517.1833333333334,b6c647d3766338a6,candidate_own_baseline_plan_peak_by_period
exp4|exp4-pool-v1|65lines#d9b4952dfca7,d9b4952dfca723f8,161,38,3523481.9058457925,3624310.776260409,87.8350034722222,58.55666898148148,29.27833449074074,58.55666898148148,43.9175017361111,29.27833449074074,916.5391666666667,915.809074074074,87.80803703703704,390,65,13,True,no block of 8 route-periods moved within 3 ladder rungs of the certified plan improves the objective,2517.1833333333334,b6c647d3766338a6,candidate_own_baseline_plan_peak_by_period
exp4|exp4-pool-v1|65lines#dd62c1c002ec,dd62c1c002ec3a65,174,82,3534927.1495622927,3624422.047560957,88.90210763888886,59.26807175925926,29.63403587962963,59.26807175925926,44.45105381944443,29.63403587962963,927.6741666666667,926.5648611111112,88.88669444444444,390,65,10,True,no block of 8 route-periods moved within 3 ladder rungs of the certified plan improves the objective,2517.1833333333334,b6c647d3766338a6,candidate_own_baseline_plan_peak_by_period
exp4|exp4-pool-v1|65lines#e07e623ac167,e07e623ac16796ce,35,155,3555508.0273391698,3621118.097071019,90.20607986111109,60.137386574074085,30.068693287037043,60.137386574074085,45.103039930555546,30.068693287037043,941.2808333333332,938.9785185185186,90.15323842592592,390,65,5,True,no block of 8 route-periods moved within 3 ladder rungs of the certified plan improves the objective,2517.1833333333334,b6c647d3766338a6,candidate_own_baseline_plan_peak_by_period
exp4|exp4-pool-v1|65lines#e0995f81d96e,e0995f81d96e083a,13,45,3524530.2851047106,3620212.8475256013,88.57260069444442,59.048400462962974,29.524200231481487,59.048400462962974,44.28630034722221,29.524200231481487,924.2358333333334,917.6663888888888,88.47397222222222,390,65,13,True,no block of 8 route-periods moved within 3 ladder rungs of the certified plan improves the objective,2517.1833333333334,b6c647d3766338a6,candidate_own_baseline_plan_peak_by_period
exp4|exp4-pool-v1|65lines#e10f2321e79b,e10f2321e79b6977,123,17,3518981.4458532785,3624017.3540001404,87.47706597222219,58.318043981481495,29.159021990740747,58.318043981481495,43.738532986111096,29.159021990740747,912.8041666666667,911.0761111111112,87.44775694444445,390,65,13,True,no block of 8 route-periods moved within 3 ladder rungs of the certified plan improves the objective,2517.1833333333334,b6c647d3766338a6,candidate_own_baseline_plan_peak_by_period
exp4|exp4-pool-v1|65lines#e12502aa3359,e12502aa3359011f,112,109,3540842.6045076484,3623939.8914711466,88.49433680555553,58.99622453703704,29.49811226851852,58.99622453703704,44.24716840277777,29.49811226851852,923.4191666666668,918.8312962962963,88.36855555555556,390,65,11,True,no block of 8 route-periods moved within 3 ladder rungs of the certified plan improves the objective,2517.1833333333334,b6c647d3766338a6,candidate_own_baseline_plan_peak_by_period
exp4|exp4-pool-v1|65lines#e17adda58300,e17adda583003da2,63,148,3553366.955423757,3621526.3785019936,90.18196180555553,60.12130787037039,30.060653935185194,60.12130787037039,45.090980902777765,30.060653935185194,941.0291666666667,937.9016666666668,90.13263425925928,390,65,13,True,no block of 8 route-periods moved within 3 ladder rungs of the certified plan improves the objective,2517.1833333333334,b6c647d3766338a6,candidate_own_baseline_plan_peak_by_period
exp4|exp4-pool-v1|65lines#e19c5c597f1b,e19c5c597f1bb5bb,30,174,3557897.455163476,3621077.872445312,89.98087152777775,59.987247685185196,29.993623842592598,59.987247685185196,44.990435763888875,29.993623842592598,938.9308333333333,937.5414814814815,89.90210185185187,390,65,13,True,no block of 8 route-periods moved within 3 ladder rungs of the certified plan improves the objective,2517.1833333333334,b6c647d3766338a6,candidate_own_baseline_plan_peak_by_period
exp4|exp4-pool-v1|65lines#e1d16563d333,e1d16563d3337dcd,91,47,3524777.1321239825,3623640.1325801206,88.57148263888887,59.04765509259259,29.523827546296296,59.04765509259259,44.28574131944443,29.523827546296296,924.2241666666666,921.490462962963,88.43622453703703,390,65,13,True,no block of 8 route-periods moved within 3 ladder rungs of the certified plan improves the objective,2517.1833333333334,b6c647d3766338a6,candidate_own_baseline_plan_peak_by_period
exp4|exp4-pool-v1|65lines#e262be604e11,e262be604e110b3f,163,36,3523132.27914844,3624318.227102962,88.20244444444442,58.801629629629645,29.400814814814822,58.801629629629645,44.10122222222221,29.400814814814822,920.3733333333333,918.6360879629628,88.14925694444445,390,65,13,True,no block of 8 route-periods moved within 3 ladder rungs of the certified plan improves the objective,2517.1833333333334,b6c647d3766338a6,candidate_own_baseline_plan_peak_by_period
exp4|exp4-pool-v1|65lines#e368e4c6663c,e368e4c6663c4dc0,100,68,3530740.945360298,3623817.636140862,89.36130902777775,59.574206018518524,29.787103009259262,59.574206018518524,44.680654513888875,29.787103009259262,932.4658333333333,929.7569444444443,89.2029976851852,390,65,14,True,no block of 8 route-periods moved within 3 ladder rungs of the certified plan improves the objective,2517.1833333333334,b6c647d3766338a6,candidate_own_baseline_plan_peak_by_period
exp4|exp4-pool-v1|65lines#e539104e3397,e539104e339709a0,67,73,3531431.3031785293,3621555.774888763,89.16660763888886,59.4444050925926,29.7222025462963,59.4444050925926,44.58330381944443,29.7222025462963,930.4341666666667,928.6261111111112,89.10503472222223,390,65,13,True,no block of 8 route-periods moved within 3 ladder rungs of the certified plan improves the objective,2517.1833333333334,b6c647d3766338a6,candidate_own_baseline_plan_peak_by_period
exp4|exp4-pool-v1|65lines#e5d0b0b5e37b,e5d0b0b5e37b6c1c,50,169,3556758.200363788,3621190.482232223,89.48653124999997,59.65768750000001,29.828843750000004,59.65768750000001,44.743265624999985,29.828843750000004,933.7725,930.0355555555556,89.20651157407407,390,65,12,True,no block of 8 route-periods moved within 3 ladder rungs of the certified plan improves the objective,2517.1833333333334,b6c647d3766338a6,candidate_own_baseline_plan_peak_by_period
exp4|exp4-pool-v1|65lines#e75ee82e034a,e75ee82e034a334a,15,107,3540722.670714628,3620233.860093887,88.56157986111108,59.04105324074074,29.52052662037037,59.04105324074074,44.28078993055554,29.52052662037037,924.1208333333334,922.7699074074075,88.47141666666667,390,65,14,True,no block of 8 route-periods moved within 3 ladder rungs of the certified plan improves the objective,2517.1833333333334,b6c647d3766338a6,candidate_own_baseline_plan_peak_by_period
exp4|exp4-pool-v1|65lines#e978e8cc7393,e978e8cc7393f9de,116,42,3524170.5059964024,3623976.420703671,87.95415624999997,58.63610416666667,29.318052083333335,58.63610416666667,43.977078124999984,29.318052083333335,917.7825,915.8019907407407,87.92846759259261,390,65,14,True,no block of 8 route-periods moved within 3 ladder rungs of the certified plan improves the objective,2517.1833333333334,b6c647d3766338a6,candidate_own_baseline_plan_peak_by_period
exp4|exp4-pool-v1|65lines#eb44aa2e4763,eb44aa2e4763e298,17,141,3550211.587949542,3620277.8197553866,88.52819791666664,59.01879861111112,29.50939930555556,59.01879861111112,44.26409895833332,29.50939930555556,923.7725,920.1190740740741,88.49532175925926,390,65,13,True,no block of 8 route-periods moved within 3 ladder rungs of the certified plan improves the objective,2517.1833333333334,b6c647d3766338a6,candidate_own_baseline_plan_peak_by_period
exp4|exp4-pool-v1|65lines#ebb81d232aa0,ebb81d232aa0389e,143,19,3519130.1103711505,3624255.9686776954,88.87910763888887,59.252738425925926,29.626369212962963,59.252738425925926,44.439553819444434,29.626369212962963,927.4341666666667,925.6196759259258,88.86539814814815,390,65,13,True,no block of 8 route-periods moved within 3 ladder rungs of the certified plan improves the objective,2517.1833333333334,b6c647d3766338a6,candidate_own_baseline_plan_peak_by_period
exp4|exp4-pool-v1|65lines#ec59b41db804,ec59b41db80413a2,96,49,3524949.4480044497,3623756.4579393733,88.57635416666665,59.05090277777778,29.52545138888889,59.05090277777778,44.28817708333332,29.52545138888889,924.275,921.6652777777776,88.53674305555556,390,65,13,True,no block of 8 route-periods moved within 3 ladder rungs of the certified plan improves the objective,2517.1833333333334,b6c647d3766338a6,candidate_own_baseline_plan_peak_by_period
exp4|exp4-pool-v1|65lines#ecb2ffc4bcce,ecb2ffc4bcce2cd7,196,1,3511184.5657525407,3624522.1667785523,88.55630902777776,59.03753935185186,29.51876967592593,59.03753935185186,44.27815451388888,29.51876967592593,924.0658333333333,922.7448148148148,88.47796527777778,390,65,12,True,no block of 8 route-periods moved within 3 ladder rungs of the certified plan improves the objective,2517.1833333333334,b6c647d3766338a6,candidate_own_baseline_plan_peak_by_period
exp4|exp4-pool-v1|65lines#eed717e8318b,eed717e8318b8040,38,75,3531535.117875299,3621136.4408278205,90.09794791666664,60.06529861111112,30.03264930555556,60.06529861111112,45.04897395833332,30.03264930555556,940.1524999999999,938.2969907407407,90.0240763888889,390,65,10,True,no block of 8 route-periods moved within 3 ladder rungs of the certified plan improves the objective,2517.1833333333334,b6c647d3766338a6,candidate_own_baseline_plan_peak_by_period
exp4|exp4-pool-v1|65lines#f0d89fda7557,f0d89fda7557322f,148,31,3521656.480598898,3624267.003470701,88.38364930555554,58.92243287037037,29.461216435185186,58.92243287037037,44.19182465277777,29.461216435185186,922.2641666666666,919.6537500000001,88.37467824074075,390,65,13,True,no block of 8 route-periods moved within 3 ladder rungs of the certified plan improves the objective,2517.1833333333334,b6c647d3766338a6,candidate_own_baseline_plan_peak_by_period
exp4|exp4-pool-v1|65lines#f0dccfe1b209,f0dccfe1b2097277,145,65,3529624.5344988955,3624260.5235872306,88.87415624999998,59.24943750000001,29.624718750000007,59.24943750000001,44.43707812499999,29.624718750000007,927.3825,924.971851851852,88.8270648148148,390,65,11,True,no block of 8 route-periods moved within 3 ladder rungs of the certified plan improves the objective,2517.1833333333334,b6c647d3766338a6,candidate_own_baseline_plan_peak_by_period
exp4|exp4-pool-v1|65lines#f217c449dafc,f217c449dafc618b,65,92,3536560.515980131,3621548.143689369,88.88741319444442,59.25827546296297,29.629137731481485,59.25827546296297,44.44370659722221,29.629137731481485,927.5208333333333,923.4587037037038,88.85533564814816,390,65,13,True,no block of 8 route-periods moved within 3 ladder rungs of the certified plan improves the objective,2517.1833333333334,b6c647d3766338a6,candidate_own_baseline_plan_peak_by_period
exp4|exp4-pool-v1|65lines#f49131f84c76,f49131f84c761281,147,106,3540376.5458585196,3624265.520851524,88.20667708333332,58.80445138888889,29.402225694444446,58.80445138888889,44.10333854166666,29.402225694444446,920.4175,916.6385648148149,88.17997685185186,390,65,13,True,no block of 8 route-periods moved within 3 ladder rungs of the certified plan improves the objective,2517.1833333333334,b6c647d3766338a6,candidate_own_baseline_plan_peak_by_period
exp4|exp4-pool-v1|65lines#f4e4cc3e8f83,f4e4cc3e8f83dc6e,8,102,3538562.5905993003,3620198.8866037033,89.26994791666665,59.513298611111125,29.756649305555563,59.513298611111125,44.634973958333326,29.756649305555563,931.5125,929.6405555555556,89.24239583333333,390,65,13,True,no block of 8 route-periods moved within 3 ladder rungs of the certified plan improves the objective,2517.1833333333334,b6c647d3766338a6,candidate_own_baseline_plan_peak_by_period
exp4|exp4-pool-v1|65lines#f7d5485bd840,f7d5485bd840ab5c,169,83,3535069.7082900093,3624385.1275289734,89.95260069444443,59.96840046296296,29.98420023148148,59.96840046296296,44.976300347222214,29.98420023148148,938.6358333333333,936.2364351851852,89.80344675925927,390,65,11,True,no block of 8 route-periods moved within 3 ladder rungs of the certified plan improves the objective,2517.1833333333334,b6c647d3766338a6,candidate_own_baseline_plan_peak_by_period
exp4|exp4-pool-v1|65lines#feac42afd453,feac42afd4536d45,117,15,3518818.4775542533,3623976.420703671,87.95846874999997,58.63897916666667,29.319489583333336,58.63897916666667,43.97923437499998,29.319489583333336,917.8275,915.5591666666667,87.87874074074072,390,65,13,True,no block of 8 route-periods moved within 3 ladder rungs of the certified plan improves the objective,2517.1833333333334,b6c647d3766338a6,candidate_own_baseline_plan_peak_by_period
exp4|exp4-pool-v1|65lines#ff4e4bb1910b,ff4e4bb1910baf30,85,178,3558443.7544507775,3623474.897816014,88.13959374999997,58.75972916666667,29.379864583333337,58.75972916666667,44.06979687499999,29.379864583333337,919.7175,916.6324999999999,87.92623148148148,390,65,13,True,no block of 8 route-periods moved within 3 ladder rungs of the certified plan improves the objective,2517.1833333333334,b6c647d3766338a6,candidate_own_baseline_plan_peak_by_period
exp4|exp4-pool-v1|65lines#ff822f6ab822,ff822f6ab822805e,105,59,3527706.9736478687,3623924.224184008,89.2739409722222,59.51596064814815,29.757980324074076,59.51596064814815,44.6369704861111,29.757980324074076,931.5541666666668,927.0208796296297,89.27279629629629,390,65,14,True,no block of 8 route-periods moved within 3 ladder rungs of the certified plan improves the objective,2517.1833333333334,b6c647d3766338a6,candidate_own_baseline_plan_peak_by_period
REFERENCE_NETWORK,,,,,,85.28208333333332,162.00944444444443,159.17277777777775,176.49305555555554,140.19458333333336,35.55736111111111,2517.1833333333334,,,173,,,,,2517.1833333333334,b6c647d3766338a6,reference_network_own_baseline_plan_peak_by_period
