label,candidate_id,original_certified_rank_of_200,original_rank_in_pilot,normalized_rank_in_pilot,rank_movement,original_objective,normalized_objective,delta_absolute,delta_percent,original_sum_cap,common_sum_cap,normalized_veh_hours,hours_cap,hours_feasible,normalized_peak_scalar,rounds,hit_max_rounds,converged,guarantee,seconds,original_early_cap,original_am_peak_cap,original_midday_cap,original_pm_peak_cap,original_evening_cap,original_owl_cap,common_early_cap,common_am_peak_cap,common_midday_cap,common_pm_peak_cap,common_evening_cap,common_owl_cap
rank_1,exp4|exp4-pool-v1|65lines#ecb2ffc4bcce,1,1,9,-8,3511184.5657525407,3325019.735841233,-186164.8299113079,-5.302051954976277,309.94708159722217,758.7093055555555,2517.1072685185186,2517.1833333333334,True,176.3172013888889,25,False,True,no block of 8 route-periods moved within 3 ladder rungs of the certified plan improves the objective,1081.6557383537292,88.55630902777776,59.03753935185186,29.51876967592593,59.03753935185186,44.27815451388888,29.51876967592593,85.28208333333332,162.00944444444443,159.17277777777775,176.49305555555554,140.19458333333336,35.55736111111111
rank_2,exp4|exp4-pool-v1|65lines#08f377545e31,2,2,4,-2,3511557.96418463,3295108.700013782,-216449.2641708483,-6.163909762517816,309.2136371527778,758.7093055555555,2517.081435185185,2517.1833333333334,True,176.39237731481487,17,False,True,no block of 8 route-periods moved within 3 ladder rungs of the certified plan improves the objective,882.5649466514587,88.3467534722222,58.89783564814816,29.44891782407408,58.89783564814816,44.1733767361111,29.44891782407408,85.28208333333332,162.00944444444443,159.17277777777775,176.49305555555554,140.19458333333336,35.55736111111111
rank_3,exp4|exp4-pool-v1|65lines#d1f8d2497954,3,3,7,-4,3514611.1823909655,3304686.7234470607,-209924.45894390484,-5.972907045754481,312.78135243055556,758.7093055555555,2516.9572222222223,2517.1833333333334,True,176.27716435185187,16,False,True,no block of 8 route-periods moved within 3 ladder rungs of the certified plan improves the objective,822.6555068492889,89.36610069444443,59.57740046296297,29.788700231481485,59.57740046296297,44.68305034722221,29.788700231481485,85.28208333333332,162.00944444444443,159.17277777777775,176.49305555555554,140.19458333333336,35.55736111111111
min_aggregate_cap,exp4|exp4-pool-v1|65lines#e10f2321e79b,17,4,3,1,3518981.4458532785,3262639.47395099,-256341.9719022885,-7.284550255425715,306.16973090277776,758.7093055555555,2517.1653703703705,2517.1833333333334,True,176.2932430555555,25,False,True,no block of 8 route-periods moved within 3 ladder rungs of the certified plan improves the objective,1827.5252628326416,87.47706597222219,58.318043981481495,29.159021990740747,58.318043981481495,43.738532986111096,29.159021990740747,85.28208333333332,162.00944444444443,159.17277777777775,176.49305555555554,140.19458333333336,35.55736111111111
rank_25,exp4|exp4-pool-v1|65lines#12165a4c04c6,25,5,2,3,3520776.10309261,3259559.8887108625,-261216.2143817474,-7.419279350149475,308.1123524305556,758.7093055555555,2516.872268518519,2517.1833333333334,True,176.24143981481475,40,True,True,no block of 8 route-periods moved within 3 ladder rungs of the certified plan improves the objective,1506.9112405776978,88.03210069444441,58.688067129629644,29.344033564814822,58.688067129629644,44.016050347222205,29.344033564814822,85.28208333333332,162.00944444444443,159.17277777777775,176.49305555555554,140.19458333333336,35.55736111111111
rank_50,exp4|exp4-pool-v1|65lines#d6f401185657,50,6,1,5,3525178.398560694,3258414.6723882025,-266763.72617249144,-7.5673822998974805,308.45084375,758.7093055555555,2517.0837268518517,2517.1833333333334,True,176.24889351851849,31,False,True,no block of 8 route-periods moved within 3 ladder rungs of the certified plan improves the objective,2112.610839366913,88.12881249999998,58.75254166666667,29.376270833333336,58.75254166666667,44.06440624999999,29.376270833333336,85.28208333333332,162.00944444444443,159.17277777777775,176.49305555555554,140.19458333333336,35.55736111111111
max_aggregate_cap,exp4|exp4-pool-v1|65lines#99c5d391c164,71,7,6,1,3531144.8138507344,3302666.8323333533,-228477.98151738103,-6.470365662183773,315.95663020833337,758.7093055555555,2516.4825925925925,2517.1833333333334,True,176.46403935185188,17,False,True,no block of 8 route-periods moved within 3 ladder rungs of the certified plan improves the objective,1465.9806425571442,90.27332291666664,60.182215277777786,30.091107638888893,60.182215277777786,45.13666145833332,30.091107638888893,85.28208333333332,162.00944444444443,159.17277777777775,176.49305555555554,140.19458333333336,35.55736111111111
rank_100,exp4|exp4-pool-v1|65lines#229cb1654b51,100,8,5,3,3538293.1172838197,3300323.6855136077,-237969.43177021202,-6.725543189392118,309.43948437499995,758.7093055555555,2516.4715277777777,2517.1833333333334,True,176.4552546296296,30,False,True,no block of 8 route-periods moved within 3 ladder rungs of the certified plan improves the objective,2084.7538888454437,88.41128124999997,58.94085416666667,29.470427083333334,58.94085416666667,44.20564062499999,29.470427083333334,85.28208333333332,162.00944444444443,159.17277777777775,176.49305555555554,140.19458333333336,35.55736111111111
rank_150,exp4|exp4-pool-v1|65lines#350c7cf4e725,150,9,8,1,3554415.5565495663,3313914.9023650214,-240500.65418454492,-6.766250326059509,311.2725364583334,758.7093055555555,2517.096759259259,2517.1833333333334,True,176.19155324074072,17,False,True,no block of 8 route-periods moved within 3 ladder rungs of the certified plan improves the objective,1449.4774045944214,88.93501041666664,59.29000694444446,29.64500347222223,59.29000694444446,44.46750520833332,29.64500347222223,85.28208333333332,162.00944444444443,159.17277777777775,176.49305555555554,140.19458333333336,35.55736111111111
rank_200,exp4|exp4-pool-v1|65lines#96485eb1a98e,200,10,10,0,3591198.383597282,3338651.663250049,-252546.72034723312,-7.032380096313659,308.47180729166666,758.7093055555555,2516.846226851852,2517.1833333333334,True,176.36450578703705,28,False,True,no block of 8 route-periods moved within 3 ladder rungs of the certified plan improves the objective,2023.1351652145386,88.13480208333331,58.75653472222223,29.378267361111114,58.75653472222223,44.067401041666656,29.378267361111114,85.28208333333332,162.00944444444443,159.17277777777775,176.49305555555554,140.19458333333336,35.55736111111111
