splice,ranking_effort_pct,certification_effort_pct,per_seed
splice|011|034|WESHIGW,-0.5846,0.0599,
splice|033|034|WESHIGW,-0.4847,0.1603,
splice|005|006|NMURBEAN,-0.2724,,
splice|011|033|WESHIGW,-0.2332,,
splice|006|021|NMURBEAN,0.0261,,
splice|002|034|WESHIGW,0.0523,,
splice|007|101|EMO4THW,0.1526,0.8018,
splice|008|035|BOASHAN,0.2568,,
splice|002|011|HIGFITN,0.3215,,
splice|001|021|PICBETS,0.3717,,
splice|005|021|NMURBEAN,0.3951,,
splice|002|033|WESHIGW,1.4829,2.1191,
"splice|011|034|WESHIGW (2B leader, matched starts)",,0.0902,0.0931;0.0931;0.0843
"floor (ranking effort, ± pts)",0.1299,,
"floor (certification effort, ± pts)",,0.2871,
