network,cell,arm,hours_mult,peak_mult,objective,objective_vs_J100_pct,near_binding_periods,in_monotonicity_failure
N0,J100,A_joint,1.0,1.0,2945632.23,0.0,hours;peak_proxy_by_period,False
N0,J075,A_joint,0.75,0.75,3034452.18,3.0153,peak_proxy_by_period,False
N0,J090,A_joint,0.9,0.9,2979723.42,1.1573,hours;peak_proxy_by_period,False
N0,J110,A_joint,1.1,1.1,2912840.73,-1.1132,hours;peak_proxy_by_period,False
N0,J125,A_joint,1.25,1.25,2871618.88,-2.5126,hours;peak_proxy_by_period,False
N0,J150,A_joint,1.5,1.5,2803554.96,-4.8233,hours;peak_proxy_by_period,False
N0,H075,B_hours_only,0.75,1.0,3005869.2,2.045,hours;peak_proxy_by_period,False
N0,H090,B_hours_only,0.9,1.0,2962269.35,0.5648,hours;peak_proxy_by_period,False
N0,H110,B_hours_only,1.1,1.0,2945632.23,0.0,peak_proxy_by_period,False
N0,H125,B_hours_only,1.25,1.0,2945632.23,0.0,peak_proxy_by_period,False
N0,H150,B_hours_only,1.5,1.0,2945632.23,0.0,peak_proxy_by_period,False
N0,P075,C_peak_proxy_only,1.0,0.75,3034452.18,3.0153,peak_proxy_by_period,False
N0,P090,C_peak_proxy_only,1.0,0.9,2979723.42,1.1573,peak_proxy_by_period,False
N0,P110,C_peak_proxy_only,1.0,1.1,2923702.59,-0.7445,hours;peak_proxy_by_period,False
N0,P125,C_peak_proxy_only,1.0,1.25,2918019.22,-0.9374,hours;peak_proxy_by_period,False
N0,P150,C_peak_proxy_only,1.0,1.5,2901858.19,-1.4861,hours;peak_proxy_by_period,False
N4,J100,A_joint,1.0,1.0,3223885.95,0.0,hours;peak_proxy_by_period,True
N4,J075,A_joint,0.75,0.75,3351486.93,3.958,hours;peak_proxy_by_period,True
N4,J090,A_joint,0.9,0.9,3276306.88,1.626,hours;peak_proxy_by_period,True
N4,J110,A_joint,1.1,1.1,3193423.01,-0.9449,hours;peak_proxy_by_period,False
N4,J125,A_joint,1.25,1.25,3147255.51,-2.377,hours;peak_proxy_by_period,False
N4,J150,A_joint,1.5,1.5,3093942.98,-4.0306,hours;peak_proxy_by_period,False
N4,H075,B_hours_only,0.75,1.0,3248347.71,0.7588,hours;peak_proxy_by_period,True
N4,H090,B_hours_only,0.9,1.0,3219614.74,-0.1325,hours;peak_proxy_by_period,True
N4,H110,B_hours_only,1.1,1.0,3274458.25,1.5687,peak_proxy_by_period,True
N4,H125,B_hours_only,1.25,1.0,3274458.25,1.5687,peak_proxy_by_period,True
N4,H150,B_hours_only,1.5,1.0,3274458.25,1.5687,peak_proxy_by_period,True
N4,P075,C_peak_proxy_only,1.0,0.75,3386276.76,5.0371,peak_proxy_by_period,True
N4,P090,C_peak_proxy_only,1.0,0.9,3319339.18,2.9608,peak_proxy_by_period,True
N4,P110,C_peak_proxy_only,1.0,1.1,3194871.75,-0.9,hours;peak_proxy_by_period,False
N4,P125,C_peak_proxy_only,1.0,1.25,3159628.16,-1.9932,hours;peak_proxy_by_period,False
N4,P150,C_peak_proxy_only,1.0,1.5,3156282.92,-2.0969,hours;peak_proxy_by_period,False
