finding,level,value
F1,A1_NC025,-6.12463
F1,A1_NC050,-6.20617
F1,A1_NC100,-6.33018
F1,A2_BOOT01,-5.6713
F1,A2_BOOT02,-5.65904
F1,A2_BOOT03,-5.90565
F1,A2_BOOT04,-5.51447
F1,A2_BOOT05,-5.80529
F1,A2_BOOT06,-5.55196
F1,A2_BOOT07,-5.64827
F1,A2_BOOT08,-5.75218
F1,A2_BOOT09,-5.75265
F1,A2_BOOT10,-5.64569
F1,A2_BOOT11,-5.66925
F1,A2_BOOT12,-5.64846
F1,A2_BOOT13,-5.71796
F1,A2_BOOT14,-5.63254
F1,A2_BOOT15,-5.66975
F1,A2_BOOT16,-5.5547
F1,A2_BOOT17,-5.51016
F1,A2_BOOT18,-5.45933
F1,A2_BOOT19,-5.71981
F1,A2_BOOT20,-5.72328
F1,A3_RT110,-5.71821
F1,A3_RT120,-5.39571
F1,A3_RTNOISE,-5.75613
F1,A5_LAM1,-6.02396
F1,A5_LAM4,-6.02396
F1,A5_TP050,-6.40309
F1,A5_TP200,-5.21154
F1,A6_WALKSPD85,-5.72982
F1,A6_MAXWALK75,-1.89745
F1,A7_RM01,-5.89261
F1,A7_RM02,-3.53155
F1,A7_RM03,-6.40556
F1,A7_RM04,-3.88353
F1,A7_RM05,-6.0656
F1,A7_RM06,-6.50609
F1,A7_RM07,-5.14775
F1,A7_RM08,-5.80078
F1,A7_RM09,-6.99829
F1,A7_RM10,-6.04155
F1,A8_ZERO150,-5.27461
F1,A8_FLOOR0,-6.16912
F1,BASE,-6.02396
F1,preregistered_sign_label,SIGN_ROBUST
F2_unserved,A1_NC025,0.00069
F2_unserved,A1_NC050,-0.00401
F2_unserved,A1_NC100,-0.01119
F2_unserved,A2_BOOT01,0.00623
F2_unserved,A2_BOOT02,0.01303
F2_unserved,A2_BOOT03,-0.00978
F2_unserved,A2_BOOT04,0.04254
F2_unserved,A2_BOOT05,0.00753
F2_unserved,A2_BOOT06,0.02483
F2_unserved,A2_BOOT07,-0.00222
F2_unserved,A2_BOOT08,-0.03959
F2_unserved,A2_BOOT09,0.00044
F2_unserved,A2_BOOT10,0.03318
F2_unserved,A2_BOOT11,-0.00676
F2_unserved,A2_BOOT12,-0.00168
F2_unserved,A2_BOOT13,0.0182
F2_unserved,A2_BOOT14,-0.00586
F2_unserved,A2_BOOT15,-0.00982
F2_unserved,A2_BOOT16,0.00818
F2_unserved,A2_BOOT17,-0.0037
F2_unserved,A2_BOOT18,0.00996
F2_unserved,A2_BOOT19,-0.0103
F2_unserved,A2_BOOT20,-0.01248
F2_unserved,A3_RT110,0.03131
F2_unserved,A3_RT120,0.02306
F2_unserved,A3_RTNOISE,-0.22612
F2_unserved,A5_LAM1,0.00648
F2_unserved,A5_LAM4,0.00648
F2_unserved,A5_TP050,0.01409
F2_unserved,A5_TP200,-0.02139
F2_unserved,A6_WALKSPD85,0.01926
F2_unserved,A6_MAXWALK75,0.1346
F2_unserved,A7_RM01,-0.17607
F2_unserved,A7_RM02,0.04545
F2_unserved,A7_RM03,0.16586
F2_unserved,A7_RM04,0.01249
F2_unserved,A7_RM05,0.02249
F2_unserved,A7_RM06,0.00872
F2_unserved,A7_RM07,0.0269
F2_unserved,A7_RM08,-0.0547
F2_unserved,A7_RM10,-0.02584
F2_unserved,A8_ZERO150,-0.002
F2_unserved,A8_FLOOR0,0.0017
F2_unserved,BASE,0.00648
F2_unserved,preregistered_sign_label,SIGN_SENSITIVE
F3,A1_NC025,-0.22438
F3,A1_NC050,-0.25302
F3,A1_NC100,-0.29355
F3,A2_BOOT01,-0.18608
F3,A2_BOOT02,-0.16859
F3,A2_BOOT03,-0.18249
F3,A2_BOOT04,-0.1609
F3,A2_BOOT05,-0.17584
F3,A2_BOOT06,-0.18272
F3,A2_BOOT07,-0.17522
F3,A2_BOOT08,-0.17532
F3,A2_BOOT09,-0.18143
F3,A2_BOOT10,-0.18306
F3,A2_BOOT11,-0.17882
F3,A2_BOOT12,-0.17595
F3,A2_BOOT13,-0.1738
F3,A2_BOOT14,-0.18149
F3,A2_BOOT15,-0.17324
F3,A2_BOOT16,-0.17248
F3,A2_BOOT17,-0.17062
F3,A2_BOOT18,-0.18533
F3,A2_BOOT19,-0.17146
F3,A2_BOOT20,-0.17224
F3,A3_RT110,-0.19004
F3,A3_RT120,-0.18237
F3,A3_RTNOISE,-0.26307
F3,A5_LAM1,-0.16047
F3,A5_LAM4,-0.21657
F3,A5_TP050,-0.18924
F3,A5_TP200,-0.18118
F3,A6_WALKSPD85,-0.18861
F3,A6_MAXWALK75,-0.17552
F3,A7_RM01,-0.1898
F3,A7_RM02,-0.19412
F3,A7_RM03,-0.17739
F3,A7_RM04,-0.40502
F3,A7_RM05,0.32268
F3,A7_RM06,-0.17875
F3,A7_RM07,-0.13713
F3,A7_RM08,-0.20736
F3,A7_RM09,-0.17416
F3,A7_RM10,-0.26471
F3,A8_ZERO150,-0.18487
F3,A8_FLOOR0,-0.18402
F3,BASE,-0.18657
F3,preregistered_sign_label,SIGN_SENSITIVE
F4_43,A1_NC025,11.08613
F4_43,A1_NC050,12.15965
F4_43,A1_NC100,13.66743
F4_43,A2_BOOT01,9.31196
F4_43,A2_BOOT02,9.30358
F4_43,A2_BOOT03,9.40412
F4_43,A2_BOOT04,9.32456
F4_43,A2_BOOT05,9.37275
F4_43,A2_BOOT06,9.36967
F4_43,A2_BOOT07,9.48798
F4_43,A2_BOOT08,9.10623
F4_43,A2_BOOT09,9.37609
F4_43,A2_BOOT10,9.18285
F4_43,A2_BOOT11,9.29709
F4_43,A2_BOOT12,9.15772
F4_43,A2_BOOT13,9.0457
F4_43,A2_BOOT14,9.47744
F4_43,A2_BOOT15,9.27702
F4_43,A2_BOOT16,9.25952
F4_43,A2_BOOT17,9.31089
F4_43,A2_BOOT18,9.34455
F4_43,A2_BOOT19,9.30029
F4_43,A2_BOOT20,9.42811
F4_43,A3_RT110,8.89459
F4_43,A3_RT120,8.22021
F4_43,A3_RTNOISE,9.74798
F4_43,A5_LAM1,-1.30978
F4_43,A5_LAM4,19.3543
F4_43,A5_TP050,10.68044
F4_43,A5_TP200,7.84052
F4_43,A6_WALKSPD85,8.76804
F4_43,A6_MAXWALK75,7.92326
F4_43,A7_RM01,8.3029
F4_43,A7_RM02,7.70441
F4_43,A7_RM03,8.99043
F4_43,A7_RM04,9.11249
F4_43,A7_RM05,8.40669
F4_43,A7_RM06,8.99084
F4_43,A7_RM07,7.98761
F4_43,A7_RM08,8.98656
F4_43,A7_RM09,9.4513
F4_43,A7_RM10,9.841
F4_43,A8_ZERO150,9.21666
F4_43,A8_FLOOR0,9.72205
F4_43,BASE,9.65925
F4_43,preregistered_sign_label,SIGN_SENSITIVE
