level,cell,track,f1_pct,n_off,objective,objective_vs_f6_ref_pct
BASE,REF,F6,-5.4283,17,2940186.29,0.0
BASE,R3_SPAN,F6,-6.1523,1,2954895.46,0.5003
BASE,R1_H60,F6,-6.5714,0,2955800.64,0.5311
BASE,R1_H30,F6,-6.3154,0,2958795.13,0.6329
BASE,REF,F4,30.4768,48,2935446.46,-0.1612
A5_LAM1,REF,F6,181.7249,139,1831271.79,
A5_LAM1,R3_SPAN,F6,167.3715,86,1893025.99,
A5_LAM1,R1_H60,F6,0.1179,0,2363742.2,
A5_LAM1,R1_H30,F6,-4.5628,0,2368995.01,
A5_LAM1,REF,F4,181.7249,139,1831271.79,
A5_LAM4,REF,F6,-6.7597,12,4110774.91,
A5_LAM4,R3_SPAN,F6,-6.8709,2,4120894.54,
A5_LAM4,R1_H60,F6,-6.8309,0,4122621.29,
A5_LAM4,R1_H30,F6,-6.6533,0,4126950.92,
A5_LAM4,REF,F4,-6.7688,12,4111046.93,
A5_TP050,REF,F6,-5.7357,17,2879791.28,
A5_TP050,R3_SPAN,F6,-6.543,1,2894799.47,
A5_TP050,R1_H60,F6,-6.999,0,2895696.42,
A5_TP050,R1_H30,F6,-6.8342,0,2898875.28,
A5_TP050,REF,F4,-6.5967,15,2880898.14,
A5_TP200,REF,F6,45.1054,60,3027398.82,
A5_TP200,R3_SPAN,F6,41.1542,34,3045771.36,
A5_TP200,R1_H60,F6,-5.5338,0,3055898.07,
A5_TP200,R1_H30,F6,-5.3393,0,3058207.72,
A5_TP200,REF,F4,24.5542,48,3015248.29,
A6_WALKSPD85,REF,F6,16.5682,38,2997413.51,
A6_WALKSPD85,R3_SPAN,F6,0.0215,6,3018183.04,
A6_WALKSPD85,R1_H60,F6,-6.0566,0,3019911.88,
A6_WALKSPD85,R1_H30,F6,-5.8935,0,3022717.37,
A6_WALKSPD85,REF,F4,28.3008,48,2988913.73,
A6_MAXWALK75,REF,F6,4.5841,38,3079475.48,
A6_MAXWALK75,R3_SPAN,F6,-0.0588,6,3094445.91,
A6_MAXWALK75,R1_H60,F6,-2.1407,0,3094499.33,
A6_MAXWALK75,R1_H30,F6,-2.1108,0,3095625.71,
A6_MAXWALK75,REF,F4,10.2251,48,3081648.34,
